SET foreign_key_checks = 0;

/*!40101 SET @OLD_CHARACTER_SET_CLIENT=@@CHARACTER_SET_CLIENT */;
/*!40101 SET @OLD_CHARACTER_SET_RESULTS=@@CHARACTER_SET_RESULTS */;
/*!40101 SET @OLD_COLLATION_CONNECTION=@@COLLATION_CONNECTION */;
/*!40101 SET NAMES utf8 */;
/*!40014 SET @OLD_FOREIGN_KEY_CHECKS=@@FOREIGN_KEY_CHECKS, FOREIGN_KEY_CHECKS=0 */;
/*!40101 SET @OLD_SQL_MODE=@@SQL_MODE */;
/*!40111 SET @OLD_SQL_NOTES=@@SQL_NOTES, SQL_NOTES=0 */;


# Dump of table employer
# ------------------------------------------------------------

DROP TABLE IF EXISTS `employer`;

CREATE TABLE `employer` (
  `employer_id` int(11) unsigned NOT NULL AUTO_INCREMENT,
  `time_created` datetime DEFAULT NULL,
  `time_updated` datetime DEFAULT NULL,
  `user_id` int(11) DEFAULT NULL,
  `employer_name` varchar(50) DEFAULT NULL,
  `employer_description` varchar(2000) DEFAULT NULL,
  PRIMARY KEY (`employer_id`)
) ENGINE=InnoDB DEFAULT CHARSET=latin1;

LOCK TABLES `employer` WRITE;
/*!40000 ALTER TABLE `employer` DISABLE KEYS */;

INSERT INTO `employer` (`employer_id`, `time_created`, `time_updated`, `user_id`, `employer_name`, `employer_description`)
VALUES
	(1,NULL,NULL,NULL,'ms',''),
	(2,NULL,NULL,55,NULL,NULL),
	(3,NULL,NULL,56,NULL,NULL),
	(4,NULL,NULL,59,'Q','great company'),
	(5,NULL,NULL,61,NULL,NULL),
	(6,NULL,NULL,62,NULL,NULL),
	(7,NULL,NULL,63,'intel','KLSLSL'),
	(8,NULL,NULL,64,'huukoo','this is  a jewelry website');

/*!40000 ALTER TABLE `employer` ENABLE KEYS */;
UNLOCK TABLES;


# Dump of table employer_student
# ------------------------------------------------------------

DROP TABLE IF EXISTS `employer_student`;

CREATE TABLE `employer_student` (
  `employer_student_id` int(11) unsigned NOT NULL AUTO_INCREMENT,
  `employer_id` int(11) unsigned NOT NULL,
  `student_id` int(11) unsigned NOT NULL,
  `time_created` datetime DEFAULT NULL,
  `time_updated` datetime DEFAULT NULL,
  PRIMARY KEY (`employer_student_id`)
) ENGINE=InnoDB DEFAULT CHARSET=latin1;



# Dump of table job
# ------------------------------------------------------------

DROP TABLE IF EXISTS `job`;

CREATE TABLE `job` (
  `job_id` int(11) unsigned NOT NULL AUTO_INCREMENT,
  `employer_id` int(11) unsigned NOT NULL,
  `time_created` datetime DEFAULT NULL,
  `time_updated` datetime DEFAULT NULL,
  `job_description` varchar(2000) DEFAULT NULL,
  `expiration_date` datetime DEFAULT NULL,
  `job_type` varchar(40) DEFAULT NULL,
  `salary` double(10,2) DEFAULT NULL,
  `benefits` varchar(1000) DEFAULT NULL,
  PRIMARY KEY (`job_id`)
) ENGINE=InnoDB DEFAULT CHARSET=latin1;

LOCK TABLES `job` WRITE;
/*!40000 ALTER TABLE `job` DISABLE KEYS */;

INSERT INTO `job` (`job_id`, `employer_id`, `time_created`, `time_updated`, `job_description`, `expiration_date`, `job_type`, `salary`, `benefits`)
VALUES
	(1,8,NULL,'2015-06-21 21:59:03','good job',NULL,NULL,NULL,NULL),
	(2,8,NULL,'2015-06-21 21:59:04','good job',NULL,NULL,NULL,NULL),
	(3,8,NULL,'2015-06-21 21:59:04','bad job',NULL,NULL,NULL,NULL),
	(4,8,NULL,'2015-06-21 21:59:05','php jb',NULL,NULL,NULL,NULL),
	(5,8,NULL,'2015-06-21 21:59:05','zend job',NULL,NULL,NULL,NULL),
	(6,8,NULL,'2015-06-21 21:59:06','zend job',NULL,NULL,NULL,NULL),
	(7,0,NULL,NULL,NULL,NULL,NULL,NULL,NULL),
	(8,8,'2015-06-19 03:51:26','2015-06-21 21:59:07','<p>be</p>\r\n','0000-00-00 00:00:00','fullTime',NULL,NULL),
	(9,8,'2015-06-19 03:53:33','2015-06-21 21:59:07','<p>be</p>\r\n','2015-07-03 03:53:33','fullTime',NULL,NULL),
	(10,8,'2015-06-19 12:27:18','2015-06-21 21:59:08','<p>mmm</p>\r\n','2015-07-03 12:27:18','fullTime',NULL,NULL),
	(11,8,'2015-06-20 04:08:12','2015-06-21 21:59:08','<p>dd</p>\r\n','2015-07-04 04:08:12','fullTime',NULL,NULL),
	(12,8,'2015-06-21 19:55:05','2015-06-21 21:59:09','','2015-07-05 19:55:05','',NULL,NULL),
	(13,8,'2015-06-21 19:58:12','2015-06-21 21:59:09','<p>java</p>\r\n','2015-07-05 19:58:12','fullTime',NULL,NULL),
	(14,8,'2015-06-21 19:58:55','2015-06-21 21:59:10','<p>java</p>\r\n','2015-07-05 19:58:55','fullTime',NULL,NULL),
	(15,8,'2015-06-21 19:59:23','2015-06-21 21:59:10','<p>c#</p>\r\n','2015-07-21 19:59:23','partTime',NULL,NULL),
	(16,8,'2015-06-21 20:11:56','2015-06-21 21:59:11','<p>c#</p>\r\n','2015-07-21 20:11:56','partTime',NULL,NULL),
	(17,8,'2015-06-21 20:12:54','2015-06-21 21:59:11','<p>php</p>\r\n','2015-07-21 20:12:54','partTime',NULL,NULL);

/*!40000 ALTER TABLE `job` ENABLE KEYS */;
UNLOCK TABLES;


# Dump of table job_applicant
# ------------------------------------------------------------

DROP TABLE IF EXISTS `job_applicant`;

CREATE TABLE `job_applicant` (
  `job_applicant_id` int(11) unsigned NOT NULL AUTO_INCREMENT,
  `job_posting_id` int(11) DEFAULT NULL,
  `student_id` int(11) DEFAULT NULL,
  `time_created` datetime DEFAULT NULL,
  `job_application_status` int(2) DEFAULT NULL,
  `job_application_status_text` varchar(40) DEFAULT NULL,
  PRIMARY KEY (`job_applicant_id`)
) ENGINE=MyISAM DEFAULT CHARSET=latin1;

LOCK TABLES `job_applicant` WRITE;
/*!40000 ALTER TABLE `job_applicant` DISABLE KEYS */;

INSERT INTO `job_applicant` (`job_applicant_id`, `job_posting_id`, `student_id`, `time_created`, `job_application_status`, `job_application_status_text`)
VALUES
	(2,NULL,69,NULL,1,'Applied on 06-2015-20'),
	(3,NULL,69,NULL,1,'Applied on 06-2015-2'),
	(4,NULL,69,'2015-06-20 02:33:41',1,'Applied on 06-2015-2'),
	(5,10,69,'2015-06-20 02:35:26',1,'Applied'),
	(6,121,69,'2015-06-20 02:41:39',1,'Applied on Jun-15-20'),
	(7,10,69,'2015-06-20 02:48:11',1,'Applied on 2015-06-2'),
	(8,121,69,'2015-06-20 02:49:09',1,'Applied on 2015-06-21'),
	(9,147,69,'2015-06-20 02:49:56',1,'Applied on 2015-06-22'),
	(10,147,69,'2015-06-20 02:51:52',1,'Applied on 2015-06-22'),
	(11,147,69,'2015-06-20 04:33:39',1,'Applied'),
	(12,147,69,'2015-06-20 04:33:57',1,'Applied on 2015-06-22'),
	(13,147,69,'2015-06-20 13:17:32',NULL,NULL),
	(14,147,69,'2015-06-20 13:17:34',1,'Applied on 2015-06-22'),
	(15,118,69,'2015-06-20 13:19:22',NULL,NULL),
	(16,118,69,'2015-06-20 13:19:22',NULL,NULL),
	(17,122,69,'2015-06-20 13:24:13',1,NULL),
	(18,118,69,'2015-06-20 15:02:55',NULL,NULL),
	(19,121,69,'2015-06-20 15:05:35',NULL,NULL),
	(20,121,69,'2015-06-20 15:05:36',NULL,NULL),
	(21,121,69,'2015-06-20 15:06:15',NULL,NULL),
	(22,117,69,'2015-06-20 15:06:36',1,'Applied on 2015-06-21'),
	(23,121,69,'2015-06-20 15:07:03',NULL,NULL),
	(24,118,69,'2015-06-20 15:30:24',NULL,NULL),
	(25,118,69,'2015-06-20 15:31:13',NULL,NULL),
	(26,121,69,'2015-06-20 15:31:27',NULL,NULL),
	(27,117,69,'2015-06-20 15:31:39',NULL,NULL),
	(28,121,69,'2015-06-20 17:47:27',NULL,NULL),
	(29,121,124,NULL,1,'Applied on 2015-06-21'),
	(30,93,69,'2015-06-21 16:33:28',NULL,NULL),
	(31,93,69,'2015-06-21 16:33:29',NULL,NULL),
	(32,93,69,'2015-06-21 21:09:07',1,'Applied on 2015-06-21'),
	(33,117,69,'2015-06-21 22:25:45',NULL,NULL),
	(34,93,69,'2015-06-22 05:02:14',NULL,NULL),
	(35,93,69,'2015-06-22 05:43:25',NULL,NULL);

/*!40000 ALTER TABLE `job_applicant` ENABLE KEYS */;
UNLOCK TABLES;


# Dump of table job_posting
# ------------------------------------------------------------

DROP TABLE IF EXISTS `job_posting`;

CREATE TABLE `job_posting` (
  `job_posting_id` int(11) unsigned NOT NULL AUTO_INCREMENT,
  `school_major_student_id` int(11) DEFAULT NULL,
  `employer_id` int(11) DEFAULT NULL,
  `job_id` int(11) DEFAULT NULL,
  `to_school` varchar(500) DEFAULT NULL,
  `to_major` varchar(500) DEFAULT NULL,
  `to_student` varchar(500) DEFAULT NULL,
  `time_created` datetime DEFAULT NULL,
  `time_updated` datetime DEFAULT NULL,
  `school_id` int(8) DEFAULT NULL,
  `major_id` int(8) DEFAULT NULL,
  `student_id` int(11) DEFAULT NULL,
  `expiration_date` datetime DEFAULT NULL,
  `job_type` varchar(40) DEFAULT NULL,
  `number_of_application` int(8) DEFAULT NULL,
  PRIMARY KEY (`job_posting_id`)
) ENGINE=InnoDB DEFAULT CHARSET=latin1;

LOCK TABLES `job_posting` WRITE;
/*!40000 ALTER TABLE `job_posting` DISABLE KEYS */;

INSERT INTO `job_posting` (`job_posting_id`, `school_major_student_id`, `employer_id`, `job_id`, `to_school`, `to_major`, `to_student`, `time_created`, `time_updated`, `school_id`, `major_id`, `student_id`, `expiration_date`, `job_type`, `number_of_application`)
VALUES
	(1,NULL,NULL,3,NULL,NULL,NULL,NULL,NULL,NULL,3,NULL,NULL,NULL,NULL),
	(2,NULL,NULL,3,NULL,NULL,NULL,NULL,NULL,NULL,3,NULL,NULL,NULL,NULL),
	(3,NULL,NULL,3,NULL,NULL,NULL,NULL,NULL,NULL,3,NULL,NULL,NULL,NULL),
	(4,NULL,NULL,3,NULL,NULL,NULL,NULL,NULL,NULL,3,NULL,NULL,NULL,NULL),
	(5,NULL,NULL,15,NULL,NULL,NULL,NULL,NULL,NULL,100,NULL,NULL,NULL,NULL),
	(6,NULL,NULL,15,NULL,NULL,NULL,NULL,NULL,NULL,200,NULL,NULL,NULL,NULL),
	(7,NULL,NULL,15,NULL,NULL,NULL,NULL,NULL,NULL,300,NULL,NULL,NULL,NULL),
	(8,NULL,NULL,15,NULL,NULL,NULL,NULL,NULL,NULL,100,NULL,NULL,NULL,NULL),
	(9,NULL,NULL,15,NULL,NULL,NULL,NULL,NULL,NULL,200,NULL,NULL,NULL,NULL),
	(10,NULL,NULL,15,NULL,NULL,NULL,NULL,NULL,NULL,300,NULL,NULL,NULL,NULL),
	(11,NULL,NULL,15,NULL,NULL,NULL,NULL,NULL,NULL,100,NULL,NULL,NULL,NULL),
	(12,NULL,NULL,125,NULL,NULL,NULL,NULL,NULL,NULL,100,NULL,NULL,NULL,NULL),
	(13,NULL,NULL,152,NULL,NULL,NULL,NULL,NULL,NULL,200,NULL,NULL,NULL,NULL),
	(14,NULL,NULL,152,NULL,NULL,NULL,NULL,NULL,NULL,300,NULL,NULL,NULL,NULL),
	(15,NULL,NULL,125,NULL,NULL,NULL,NULL,NULL,NULL,100,NULL,NULL,NULL,NULL),
	(16,NULL,NULL,1225,NULL,NULL,NULL,NULL,NULL,NULL,100,NULL,NULL,NULL,NULL),
	(17,NULL,NULL,1225,NULL,NULL,NULL,NULL,NULL,NULL,100,NULL,NULL,NULL,NULL),
	(18,NULL,NULL,9,NULL,NULL,NULL,NULL,NULL,NULL,100,NULL,NULL,NULL,NULL),
	(19,NULL,NULL,1225,NULL,NULL,NULL,NULL,NULL,NULL,100,NULL,NULL,NULL,NULL),
	(20,NULL,NULL,1225,NULL,NULL,NULL,NULL,NULL,NULL,100,NULL,NULL,NULL,NULL),
	(21,NULL,NULL,9,NULL,NULL,NULL,NULL,NULL,NULL,100,NULL,NULL,NULL,NULL),
	(22,NULL,NULL,150,NULL,NULL,NULL,NULL,NULL,NULL,100,NULL,NULL,NULL,NULL),
	(23,NULL,NULL,150,NULL,NULL,NULL,NULL,NULL,NULL,200,59,NULL,NULL,NULL),
	(24,NULL,NULL,150,NULL,NULL,NULL,NULL,NULL,NULL,300,NULL,NULL,NULL,NULL),
	(25,NULL,NULL,150,NULL,NULL,NULL,NULL,NULL,NULL,400,NULL,NULL,NULL,NULL),
	(26,NULL,NULL,150,NULL,NULL,NULL,NULL,NULL,NULL,500,NULL,NULL,NULL,NULL),
	(27,NULL,NULL,150,NULL,NULL,NULL,NULL,NULL,NULL,100,NULL,NULL,NULL,NULL),
	(28,NULL,NULL,150,NULL,NULL,NULL,NULL,NULL,NULL,200,NULL,NULL,NULL,NULL),
	(29,NULL,NULL,150,NULL,NULL,NULL,NULL,NULL,NULL,300,NULL,NULL,NULL,NULL),
	(30,NULL,NULL,150,NULL,NULL,NULL,NULL,NULL,NULL,400,NULL,NULL,NULL,NULL),
	(31,NULL,NULL,150,NULL,NULL,NULL,NULL,NULL,NULL,500,NULL,NULL,NULL,NULL),
	(32,NULL,NULL,170,NULL,NULL,NULL,NULL,NULL,NULL,100,NULL,NULL,NULL,NULL),
	(33,NULL,NULL,170,NULL,NULL,NULL,NULL,NULL,NULL,200,NULL,NULL,NULL,NULL),
	(34,NULL,NULL,170,NULL,NULL,NULL,NULL,NULL,NULL,300,NULL,NULL,NULL,NULL),
	(35,NULL,NULL,170,NULL,NULL,NULL,NULL,NULL,NULL,400,NULL,NULL,NULL,NULL),
	(36,NULL,NULL,170,NULL,NULL,NULL,NULL,NULL,NULL,500,NULL,NULL,NULL,NULL),
	(37,NULL,NULL,10,NULL,NULL,NULL,NULL,NULL,NULL,100,NULL,NULL,NULL,NULL),
	(38,NULL,NULL,10,NULL,NULL,NULL,NULL,NULL,NULL,200,NULL,NULL,NULL,NULL),
	(39,NULL,NULL,10,NULL,NULL,NULL,NULL,NULL,NULL,300,NULL,NULL,NULL,NULL),
	(40,NULL,NULL,10,NULL,NULL,NULL,NULL,NULL,NULL,400,NULL,NULL,NULL,NULL),
	(41,NULL,NULL,10,NULL,NULL,NULL,NULL,NULL,NULL,500,NULL,NULL,NULL,NULL),
	(42,NULL,NULL,15,NULL,NULL,NULL,NULL,NULL,NULL,100,NULL,NULL,NULL,NULL),
	(43,NULL,NULL,15,NULL,NULL,NULL,NULL,NULL,NULL,200,NULL,NULL,NULL,NULL),
	(44,NULL,NULL,15,NULL,NULL,NULL,NULL,NULL,NULL,300,NULL,NULL,NULL,NULL),
	(45,NULL,NULL,15,NULL,NULL,NULL,NULL,NULL,NULL,400,NULL,NULL,NULL,NULL),
	(46,NULL,NULL,15,NULL,NULL,NULL,NULL,NULL,NULL,500,NULL,NULL,NULL,NULL),
	(47,NULL,NULL,15,NULL,NULL,NULL,NULL,NULL,NULL,100,NULL,NULL,NULL,NULL),
	(48,NULL,NULL,15,NULL,NULL,NULL,NULL,NULL,NULL,200,NULL,NULL,NULL,NULL),
	(49,NULL,NULL,15,NULL,NULL,NULL,NULL,NULL,NULL,300,NULL,NULL,NULL,NULL),
	(50,NULL,NULL,15,NULL,NULL,NULL,NULL,NULL,NULL,400,NULL,NULL,NULL,NULL),
	(51,NULL,NULL,15,NULL,NULL,NULL,NULL,NULL,NULL,500,NULL,NULL,NULL,NULL),
	(52,NULL,NULL,15,NULL,NULL,NULL,NULL,NULL,NULL,100,NULL,NULL,NULL,NULL),
	(53,NULL,NULL,15,NULL,NULL,NULL,NULL,NULL,NULL,200,NULL,NULL,NULL,NULL),
	(54,NULL,NULL,15,NULL,NULL,NULL,NULL,NULL,NULL,300,NULL,NULL,NULL,NULL),
	(55,NULL,NULL,15,NULL,NULL,NULL,NULL,NULL,NULL,400,NULL,NULL,NULL,NULL),
	(56,NULL,NULL,15,NULL,NULL,NULL,NULL,NULL,NULL,500,NULL,NULL,NULL,NULL),
	(57,NULL,NULL,15,NULL,NULL,NULL,NULL,NULL,NULL,100,NULL,NULL,NULL,NULL),
	(58,NULL,NULL,15,NULL,NULL,NULL,NULL,NULL,NULL,200,NULL,NULL,NULL,NULL),
	(59,NULL,NULL,15,NULL,NULL,NULL,NULL,NULL,NULL,300,NULL,NULL,NULL,NULL),
	(60,NULL,NULL,15,NULL,NULL,NULL,NULL,NULL,NULL,400,NULL,NULL,NULL,NULL),
	(61,NULL,NULL,15,NULL,NULL,NULL,NULL,NULL,NULL,500,NULL,NULL,NULL,NULL),
	(62,NULL,NULL,15,NULL,NULL,NULL,NULL,NULL,NULL,100,NULL,NULL,NULL,NULL),
	(63,NULL,NULL,15,NULL,NULL,NULL,NULL,NULL,NULL,200,NULL,NULL,NULL,NULL),
	(64,NULL,NULL,15,NULL,NULL,NULL,NULL,NULL,NULL,300,NULL,NULL,NULL,NULL),
	(65,NULL,NULL,15,NULL,NULL,NULL,NULL,NULL,NULL,400,NULL,NULL,NULL,NULL),
	(66,NULL,NULL,15,NULL,NULL,NULL,NULL,NULL,NULL,500,NULL,NULL,NULL,NULL),
	(67,NULL,NULL,121,NULL,NULL,NULL,NULL,NULL,NULL,100,NULL,NULL,NULL,NULL),
	(68,NULL,NULL,121,NULL,NULL,NULL,NULL,NULL,NULL,200,NULL,NULL,NULL,NULL),
	(69,NULL,NULL,121,NULL,NULL,NULL,NULL,NULL,NULL,300,NULL,NULL,NULL,NULL),
	(70,NULL,NULL,121,NULL,NULL,NULL,NULL,NULL,NULL,400,NULL,NULL,NULL,NULL),
	(71,NULL,NULL,121,NULL,NULL,NULL,NULL,NULL,NULL,500,NULL,NULL,NULL,NULL),
	(72,NULL,NULL,121,NULL,NULL,NULL,NULL,NULL,NULL,100,NULL,NULL,NULL,NULL),
	(73,NULL,NULL,121,NULL,NULL,NULL,NULL,NULL,NULL,200,NULL,NULL,NULL,NULL),
	(74,NULL,NULL,121,NULL,NULL,NULL,NULL,NULL,NULL,300,NULL,NULL,NULL,NULL),
	(75,NULL,NULL,121,NULL,NULL,NULL,NULL,NULL,NULL,400,NULL,NULL,NULL,NULL),
	(76,NULL,NULL,121,NULL,NULL,NULL,NULL,NULL,NULL,500,NULL,NULL,NULL,NULL),
	(77,NULL,NULL,121,NULL,NULL,NULL,NULL,NULL,NULL,100,NULL,NULL,NULL,NULL),
	(78,NULL,NULL,121,NULL,NULL,NULL,NULL,NULL,NULL,200,NULL,NULL,NULL,NULL),
	(79,NULL,NULL,121,NULL,NULL,NULL,NULL,NULL,NULL,300,NULL,NULL,NULL,NULL),
	(80,NULL,NULL,121,NULL,NULL,NULL,NULL,NULL,NULL,400,NULL,NULL,NULL,NULL),
	(81,NULL,NULL,121,NULL,NULL,NULL,NULL,NULL,NULL,500,NULL,NULL,NULL,NULL),
	(82,NULL,NULL,121,NULL,NULL,NULL,NULL,NULL,NULL,100,NULL,NULL,NULL,NULL),
	(83,NULL,NULL,121,NULL,NULL,NULL,NULL,NULL,NULL,200,NULL,NULL,NULL,NULL),
	(84,NULL,NULL,121,NULL,NULL,NULL,NULL,NULL,NULL,300,NULL,NULL,NULL,NULL),
	(85,NULL,NULL,121,NULL,NULL,NULL,NULL,NULL,NULL,400,NULL,NULL,NULL,NULL),
	(86,NULL,NULL,121,NULL,NULL,NULL,NULL,NULL,NULL,500,NULL,NULL,NULL,NULL),
	(87,NULL,NULL,121,NULL,NULL,NULL,NULL,NULL,NULL,100,NULL,NULL,NULL,NULL),
	(88,NULL,NULL,121,NULL,NULL,NULL,NULL,NULL,NULL,200,NULL,NULL,NULL,NULL),
	(89,NULL,NULL,121,NULL,NULL,NULL,NULL,NULL,NULL,300,NULL,NULL,NULL,NULL),
	(90,NULL,NULL,121,NULL,NULL,NULL,NULL,NULL,NULL,400,NULL,NULL,NULL,NULL),
	(91,NULL,NULL,121,NULL,NULL,NULL,NULL,NULL,NULL,500,NULL,NULL,NULL,NULL),
	(92,NULL,NULL,121,NULL,NULL,NULL,NULL,NULL,NULL,100,NULL,NULL,NULL,NULL),
	(93,NULL,NULL,121,NULL,NULL,NULL,NULL,NULL,NULL,200,69,NULL,NULL,NULL),
	(94,NULL,NULL,121,NULL,NULL,NULL,NULL,NULL,NULL,300,NULL,NULL,NULL,NULL),
	(95,NULL,NULL,121,NULL,NULL,NULL,NULL,NULL,NULL,400,NULL,NULL,NULL,NULL),
	(96,NULL,NULL,121,NULL,NULL,NULL,NULL,NULL,NULL,500,NULL,NULL,NULL,NULL),
	(97,NULL,NULL,121,NULL,NULL,NULL,NULL,NULL,NULL,100,NULL,NULL,NULL,NULL),
	(98,NULL,NULL,121,NULL,NULL,NULL,NULL,NULL,NULL,200,NULL,NULL,NULL,NULL),
	(99,NULL,NULL,121,NULL,NULL,NULL,NULL,NULL,NULL,300,NULL,NULL,NULL,NULL),
	(100,NULL,NULL,121,NULL,NULL,NULL,NULL,NULL,NULL,400,NULL,NULL,NULL,NULL),
	(101,NULL,NULL,121,NULL,NULL,NULL,NULL,NULL,NULL,500,NULL,NULL,NULL,NULL),
	(102,NULL,NULL,121,NULL,NULL,NULL,NULL,NULL,NULL,100,NULL,NULL,NULL,NULL),
	(103,NULL,NULL,121,NULL,NULL,NULL,NULL,NULL,NULL,200,NULL,NULL,NULL,NULL),
	(104,NULL,NULL,121,NULL,NULL,NULL,NULL,NULL,NULL,300,NULL,NULL,NULL,NULL),
	(105,NULL,NULL,121,NULL,NULL,NULL,NULL,NULL,NULL,400,NULL,NULL,NULL,NULL),
	(106,NULL,NULL,121,NULL,NULL,NULL,NULL,NULL,NULL,500,NULL,NULL,NULL,NULL),
	(107,NULL,NULL,121,NULL,NULL,NULL,NULL,NULL,NULL,100,NULL,NULL,NULL,NULL),
	(108,NULL,NULL,121,NULL,NULL,NULL,NULL,NULL,NULL,200,NULL,NULL,NULL,NULL),
	(109,NULL,NULL,121,NULL,NULL,NULL,NULL,NULL,NULL,300,NULL,NULL,NULL,NULL),
	(110,NULL,NULL,121,NULL,NULL,NULL,NULL,NULL,NULL,400,NULL,NULL,NULL,NULL),
	(111,NULL,NULL,121,NULL,NULL,NULL,NULL,NULL,NULL,500,NULL,NULL,NULL,NULL),
	(112,NULL,8,2,NULL,NULL,NULL,NULL,NULL,57,1104,1,NULL,NULL,NULL),
	(113,NULL,NULL,121,NULL,NULL,NULL,NULL,NULL,NULL,200,NULL,NULL,NULL,NULL),
	(114,NULL,8,4,NULL,NULL,NULL,NULL,NULL,57,1104,NULL,NULL,NULL,NULL),
	(115,NULL,NULL,121,NULL,NULL,NULL,NULL,NULL,NULL,400,NULL,NULL,NULL,NULL),
	(116,NULL,8,6,NULL,NULL,NULL,NULL,NULL,NULL,NULL,1,NULL,NULL,NULL),
	(117,NULL,8,9,NULL,NULL,NULL,NULL,NULL,57,820,NULL,NULL,NULL,NULL),
	(118,NULL,8,9,NULL,NULL,NULL,NULL,NULL,57,820,NULL,NULL,NULL,NULL),
	(119,NULL,8,9,NULL,NULL,NULL,NULL,NULL,10,820,NULL,NULL,NULL,NULL),
	(120,NULL,8,9,NULL,NULL,NULL,NULL,NULL,130,820,NULL,NULL,NULL,NULL),
	(121,NULL,8,10,NULL,NULL,NULL,NULL,NULL,57,820,NULL,NULL,NULL,NULL),
	(122,NULL,8,10,NULL,NULL,NULL,NULL,NULL,57,820,NULL,NULL,NULL,NULL),
	(123,NULL,8,10,NULL,NULL,NULL,NULL,NULL,10,820,NULL,NULL,NULL,NULL),
	(124,NULL,8,10,NULL,NULL,NULL,NULL,NULL,130,820,NULL,NULL,NULL,NULL),
	(125,NULL,8,9,NULL,NULL,NULL,NULL,NULL,274,820,NULL,NULL,NULL,NULL),
	(126,NULL,8,9,NULL,NULL,NULL,NULL,NULL,10,820,NULL,NULL,NULL,NULL),
	(127,NULL,8,9,NULL,NULL,NULL,NULL,NULL,130,820,NULL,NULL,NULL,NULL),
	(128,NULL,8,10,NULL,NULL,NULL,NULL,NULL,274,820,NULL,NULL,NULL,NULL),
	(129,NULL,8,10,NULL,NULL,NULL,NULL,NULL,10,820,NULL,NULL,NULL,NULL),
	(130,NULL,8,10,NULL,NULL,NULL,NULL,NULL,130,820,NULL,NULL,NULL,NULL),
	(131,NULL,8,9,NULL,NULL,NULL,NULL,NULL,274,820,NULL,NULL,NULL,NULL),
	(132,NULL,8,9,NULL,NULL,NULL,NULL,NULL,10,820,NULL,NULL,NULL,NULL),
	(133,NULL,8,9,NULL,NULL,NULL,NULL,NULL,130,820,NULL,NULL,NULL,NULL),
	(134,NULL,8,10,NULL,NULL,NULL,NULL,NULL,274,820,NULL,NULL,NULL,NULL),
	(135,NULL,8,10,NULL,NULL,NULL,NULL,NULL,10,820,NULL,NULL,NULL,NULL),
	(136,NULL,8,10,NULL,NULL,NULL,NULL,NULL,130,820,NULL,NULL,NULL,NULL),
	(137,NULL,8,9,NULL,NULL,NULL,NULL,NULL,274,820,NULL,NULL,NULL,NULL),
	(138,NULL,8,9,NULL,NULL,NULL,NULL,NULL,9,820,NULL,NULL,NULL,NULL),
	(139,NULL,8,9,NULL,NULL,NULL,NULL,NULL,130,820,NULL,NULL,NULL,NULL),
	(140,NULL,8,10,NULL,NULL,NULL,NULL,NULL,274,820,NULL,NULL,NULL,NULL),
	(141,NULL,8,10,NULL,NULL,NULL,NULL,NULL,9,820,NULL,NULL,NULL,NULL),
	(142,NULL,8,10,NULL,NULL,NULL,NULL,NULL,130,820,NULL,NULL,NULL,NULL),
	(143,NULL,8,9,NULL,NULL,NULL,NULL,NULL,274,820,NULL,NULL,NULL,NULL),
	(144,NULL,8,9,NULL,NULL,NULL,NULL,NULL,9,820,NULL,NULL,NULL,NULL),
	(145,NULL,8,9,NULL,NULL,NULL,NULL,NULL,130,820,NULL,NULL,NULL,NULL),
	(146,NULL,8,10,NULL,NULL,NULL,NULL,NULL,274,820,NULL,NULL,NULL,NULL),
	(147,NULL,8,10,NULL,'1',NULL,NULL,NULL,9,820,69,NULL,NULL,1),
	(148,NULL,8,10,NULL,NULL,NULL,NULL,NULL,130,820,NULL,NULL,NULL,NULL),
	(149,NULL,8,9,NULL,NULL,NULL,NULL,NULL,274,820,NULL,NULL,NULL,NULL),
	(150,NULL,8,9,NULL,NULL,NULL,NULL,NULL,9,820,NULL,NULL,NULL,NULL),
	(151,NULL,8,9,NULL,NULL,NULL,NULL,NULL,130,820,NULL,NULL,NULL,NULL),
	(152,NULL,8,10,NULL,NULL,NULL,NULL,NULL,274,820,NULL,NULL,NULL,NULL),
	(153,NULL,8,10,NULL,NULL,NULL,NULL,NULL,9,820,NULL,NULL,NULL,NULL),
	(154,NULL,8,10,NULL,NULL,NULL,NULL,NULL,130,820,NULL,NULL,NULL,NULL),
	(155,NULL,8,10,NULL,NULL,NULL,NULL,NULL,266,820,NULL,NULL,NULL,NULL),
	(156,NULL,8,10,NULL,NULL,NULL,NULL,NULL,527,820,NULL,NULL,NULL,NULL),
	(157,NULL,8,10,NULL,NULL,NULL,NULL,NULL,57,820,NULL,NULL,NULL,NULL),
	(158,NULL,8,10,NULL,NULL,NULL,NULL,NULL,57,820,NULL,NULL,NULL,NULL),
	(159,NULL,8,10,NULL,NULL,NULL,NULL,NULL,274,820,NULL,NULL,NULL,NULL),
	(160,NULL,8,10,NULL,NULL,NULL,NULL,NULL,9,820,NULL,NULL,NULL,NULL),
	(161,NULL,8,10,NULL,NULL,NULL,NULL,NULL,10,820,NULL,NULL,NULL,NULL),
	(162,NULL,8,10,NULL,NULL,NULL,NULL,NULL,11,820,NULL,NULL,NULL,NULL),
	(163,NULL,8,10,NULL,NULL,NULL,NULL,NULL,121,820,NULL,NULL,NULL,NULL),
	(164,NULL,8,10,NULL,NULL,NULL,NULL,NULL,122,820,NULL,NULL,NULL,NULL),
	(165,NULL,8,10,NULL,NULL,NULL,NULL,NULL,130,820,NULL,NULL,NULL,NULL),
	(166,NULL,8,11,NULL,NULL,NULL,NULL,NULL,266,820,NULL,NULL,NULL,NULL),
	(167,NULL,8,11,NULL,NULL,NULL,NULL,NULL,527,820,NULL,NULL,NULL,NULL),
	(168,NULL,8,11,NULL,NULL,NULL,NULL,NULL,57,820,NULL,NULL,NULL,NULL),
	(169,NULL,8,11,NULL,NULL,NULL,NULL,NULL,57,820,NULL,NULL,NULL,NULL),
	(170,NULL,8,11,NULL,NULL,NULL,NULL,NULL,274,820,NULL,NULL,NULL,NULL),
	(171,NULL,8,11,NULL,NULL,NULL,NULL,NULL,9,820,NULL,NULL,NULL,NULL),
	(172,NULL,8,11,NULL,NULL,NULL,NULL,NULL,10,820,NULL,NULL,NULL,NULL),
	(173,NULL,8,11,NULL,NULL,NULL,NULL,NULL,11,820,NULL,NULL,NULL,NULL),
	(174,NULL,8,11,NULL,NULL,NULL,NULL,NULL,121,820,NULL,NULL,NULL,NULL),
	(175,NULL,8,11,NULL,NULL,NULL,NULL,NULL,122,820,NULL,NULL,NULL,NULL),
	(176,NULL,8,11,NULL,NULL,NULL,NULL,NULL,130,820,NULL,NULL,NULL,NULL),
	(177,NULL,8,10,NULL,NULL,NULL,NULL,NULL,266,820,NULL,NULL,NULL,NULL),
	(178,NULL,8,10,NULL,NULL,NULL,NULL,NULL,527,820,NULL,NULL,NULL,NULL),
	(179,NULL,8,10,NULL,NULL,NULL,NULL,NULL,57,820,NULL,NULL,NULL,NULL),
	(180,NULL,8,10,NULL,NULL,NULL,NULL,NULL,57,820,NULL,NULL,NULL,NULL),
	(181,NULL,8,10,NULL,NULL,NULL,NULL,NULL,274,820,NULL,NULL,NULL,NULL),
	(182,NULL,8,10,NULL,NULL,NULL,NULL,NULL,9,820,NULL,NULL,NULL,NULL),
	(183,NULL,8,10,NULL,NULL,NULL,NULL,NULL,10,820,NULL,NULL,NULL,NULL),
	(184,NULL,8,10,NULL,NULL,NULL,NULL,NULL,11,820,NULL,NULL,NULL,NULL),
	(185,NULL,8,10,NULL,NULL,NULL,NULL,NULL,121,820,NULL,NULL,NULL,NULL),
	(186,NULL,8,10,NULL,NULL,NULL,NULL,NULL,122,820,NULL,NULL,NULL,NULL),
	(187,NULL,8,10,NULL,NULL,NULL,NULL,NULL,130,820,NULL,NULL,NULL,NULL),
	(188,NULL,8,11,NULL,NULL,NULL,NULL,NULL,266,820,NULL,NULL,NULL,NULL),
	(189,NULL,8,11,NULL,NULL,NULL,NULL,NULL,527,820,NULL,NULL,NULL,NULL),
	(190,NULL,8,11,NULL,NULL,NULL,NULL,NULL,57,820,NULL,NULL,NULL,NULL),
	(191,NULL,8,11,NULL,NULL,NULL,NULL,NULL,57,820,NULL,NULL,NULL,NULL),
	(192,NULL,8,11,NULL,NULL,NULL,NULL,NULL,274,820,NULL,NULL,NULL,NULL),
	(193,NULL,8,11,NULL,NULL,NULL,NULL,NULL,9,820,NULL,NULL,NULL,NULL),
	(194,NULL,8,11,NULL,NULL,NULL,NULL,NULL,10,820,NULL,NULL,NULL,NULL),
	(195,NULL,8,11,NULL,NULL,NULL,NULL,NULL,11,820,NULL,NULL,NULL,NULL),
	(196,NULL,8,11,NULL,NULL,NULL,NULL,NULL,121,820,NULL,NULL,NULL,NULL),
	(197,NULL,8,11,NULL,NULL,NULL,NULL,NULL,122,820,NULL,NULL,NULL,NULL),
	(198,NULL,8,11,NULL,NULL,NULL,NULL,NULL,130,820,NULL,NULL,NULL,NULL),
	(199,NULL,8,11,NULL,NULL,NULL,NULL,NULL,266,820,NULL,NULL,NULL,NULL),
	(200,NULL,8,11,NULL,NULL,NULL,NULL,NULL,527,820,NULL,NULL,NULL,NULL),
	(201,NULL,8,11,NULL,NULL,NULL,NULL,NULL,57,820,NULL,NULL,NULL,NULL),
	(202,NULL,8,11,NULL,NULL,NULL,NULL,NULL,57,820,NULL,NULL,NULL,NULL),
	(203,NULL,8,11,NULL,NULL,NULL,NULL,NULL,274,820,NULL,NULL,NULL,NULL),
	(204,NULL,8,11,NULL,NULL,NULL,NULL,NULL,9,820,NULL,NULL,NULL,NULL),
	(205,NULL,8,11,NULL,NULL,NULL,NULL,NULL,10,820,NULL,NULL,NULL,NULL),
	(206,NULL,8,11,NULL,NULL,NULL,NULL,NULL,11,820,NULL,NULL,NULL,NULL),
	(207,NULL,8,11,NULL,NULL,NULL,NULL,NULL,121,820,NULL,NULL,NULL,NULL),
	(208,NULL,8,11,NULL,NULL,NULL,NULL,NULL,122,820,NULL,NULL,NULL,NULL),
	(209,NULL,8,11,NULL,NULL,NULL,NULL,NULL,130,820,NULL,NULL,NULL,NULL),
	(210,NULL,8,12,NULL,NULL,NULL,NULL,NULL,266,820,NULL,NULL,NULL,NULL),
	(211,NULL,8,12,NULL,NULL,NULL,NULL,NULL,527,820,NULL,NULL,NULL,NULL),
	(212,NULL,8,12,NULL,NULL,NULL,NULL,NULL,57,820,NULL,NULL,NULL,NULL),
	(213,NULL,8,12,NULL,NULL,NULL,NULL,NULL,57,820,NULL,NULL,NULL,NULL),
	(214,NULL,8,12,NULL,NULL,NULL,NULL,NULL,274,820,NULL,NULL,NULL,NULL),
	(215,NULL,8,12,NULL,NULL,NULL,NULL,NULL,9,820,NULL,NULL,NULL,NULL),
	(216,NULL,8,12,NULL,NULL,NULL,NULL,NULL,10,820,NULL,NULL,NULL,NULL),
	(217,NULL,8,12,NULL,NULL,NULL,NULL,NULL,11,820,NULL,NULL,NULL,NULL),
	(218,NULL,8,12,NULL,NULL,NULL,NULL,NULL,121,820,NULL,NULL,NULL,NULL),
	(219,NULL,8,12,NULL,NULL,NULL,NULL,NULL,122,820,NULL,NULL,NULL,NULL),
	(220,NULL,8,12,NULL,NULL,NULL,NULL,NULL,130,820,NULL,NULL,NULL,NULL),
	(221,NULL,8,11,NULL,NULL,NULL,NULL,NULL,266,820,NULL,NULL,NULL,NULL),
	(222,NULL,8,11,NULL,NULL,NULL,NULL,NULL,527,820,NULL,NULL,NULL,NULL),
	(223,NULL,8,11,NULL,NULL,NULL,NULL,NULL,57,820,NULL,NULL,NULL,NULL),
	(224,NULL,8,11,NULL,NULL,NULL,NULL,NULL,57,820,NULL,NULL,NULL,NULL),
	(225,NULL,8,11,NULL,NULL,NULL,NULL,NULL,274,820,NULL,NULL,NULL,NULL),
	(226,NULL,8,11,NULL,NULL,NULL,NULL,NULL,9,820,NULL,NULL,NULL,NULL),
	(227,NULL,8,11,NULL,NULL,NULL,NULL,NULL,10,820,NULL,NULL,NULL,NULL),
	(228,NULL,8,11,NULL,NULL,NULL,NULL,NULL,11,820,NULL,NULL,NULL,NULL),
	(229,NULL,8,11,NULL,NULL,NULL,NULL,NULL,121,820,NULL,NULL,NULL,NULL),
	(230,NULL,8,11,NULL,NULL,NULL,NULL,NULL,122,820,NULL,NULL,NULL,NULL),
	(231,NULL,8,11,NULL,NULL,NULL,NULL,NULL,130,820,NULL,NULL,NULL,NULL),
	(232,NULL,8,12,NULL,NULL,NULL,NULL,NULL,266,820,NULL,NULL,NULL,NULL),
	(233,NULL,8,12,NULL,NULL,NULL,NULL,NULL,527,820,NULL,NULL,NULL,NULL),
	(234,NULL,8,12,NULL,NULL,NULL,NULL,NULL,57,820,NULL,NULL,NULL,NULL),
	(235,NULL,8,12,NULL,NULL,NULL,NULL,NULL,57,820,NULL,NULL,NULL,NULL),
	(236,NULL,8,12,NULL,NULL,NULL,NULL,NULL,274,820,NULL,NULL,NULL,NULL),
	(237,NULL,8,12,NULL,NULL,NULL,NULL,NULL,9,820,NULL,NULL,NULL,NULL),
	(238,NULL,8,12,NULL,NULL,NULL,NULL,NULL,10,820,NULL,NULL,NULL,NULL),
	(239,NULL,8,12,NULL,NULL,NULL,NULL,NULL,11,820,NULL,NULL,NULL,NULL),
	(240,NULL,8,12,NULL,NULL,NULL,NULL,NULL,121,820,NULL,NULL,NULL,NULL),
	(241,NULL,8,12,NULL,NULL,NULL,NULL,NULL,122,820,NULL,NULL,NULL,NULL),
	(242,NULL,8,12,NULL,NULL,NULL,NULL,NULL,130,820,NULL,NULL,NULL,NULL),
	(243,NULL,8,11,NULL,NULL,NULL,NULL,NULL,266,820,NULL,NULL,NULL,NULL),
	(244,NULL,8,11,NULL,NULL,NULL,NULL,NULL,527,820,NULL,NULL,NULL,NULL),
	(245,NULL,8,11,NULL,NULL,NULL,NULL,NULL,57,820,NULL,NULL,NULL,NULL),
	(246,NULL,8,11,NULL,NULL,NULL,NULL,NULL,57,820,NULL,NULL,NULL,NULL),
	(247,NULL,8,11,NULL,NULL,NULL,NULL,NULL,274,820,NULL,NULL,NULL,NULL),
	(248,NULL,8,11,NULL,NULL,NULL,NULL,NULL,9,820,NULL,NULL,NULL,NULL),
	(249,NULL,8,11,NULL,NULL,NULL,NULL,NULL,10,820,NULL,NULL,NULL,NULL),
	(250,NULL,8,11,NULL,NULL,NULL,NULL,NULL,11,820,NULL,NULL,NULL,NULL),
	(251,NULL,8,11,NULL,NULL,NULL,NULL,NULL,121,820,NULL,NULL,NULL,NULL),
	(252,NULL,8,11,NULL,NULL,NULL,NULL,NULL,122,820,NULL,NULL,NULL,NULL),
	(253,NULL,8,11,NULL,NULL,NULL,NULL,NULL,130,820,NULL,NULL,NULL,NULL),
	(254,NULL,8,12,NULL,NULL,NULL,NULL,NULL,266,820,NULL,NULL,NULL,NULL),
	(255,NULL,8,12,NULL,NULL,NULL,NULL,NULL,527,820,NULL,NULL,NULL,NULL),
	(256,NULL,8,12,NULL,NULL,NULL,NULL,NULL,57,820,NULL,NULL,NULL,NULL),
	(257,NULL,8,12,NULL,NULL,NULL,NULL,NULL,57,820,NULL,NULL,NULL,NULL),
	(258,NULL,8,12,NULL,NULL,NULL,NULL,NULL,274,820,NULL,NULL,NULL,NULL),
	(259,NULL,8,12,NULL,NULL,NULL,NULL,NULL,9,820,NULL,NULL,NULL,NULL),
	(260,NULL,8,12,NULL,NULL,NULL,NULL,NULL,10,820,NULL,NULL,NULL,NULL),
	(261,NULL,8,12,NULL,NULL,NULL,NULL,NULL,11,820,NULL,NULL,NULL,NULL),
	(262,NULL,8,12,NULL,NULL,NULL,NULL,NULL,121,820,NULL,NULL,NULL,NULL),
	(263,NULL,8,12,NULL,NULL,NULL,NULL,NULL,122,820,NULL,NULL,NULL,NULL),
	(264,NULL,8,12,NULL,NULL,NULL,NULL,NULL,130,820,NULL,NULL,NULL,NULL),
	(265,NULL,8,11,NULL,NULL,NULL,NULL,NULL,266,820,NULL,NULL,NULL,NULL),
	(266,NULL,8,11,NULL,NULL,NULL,NULL,NULL,527,820,NULL,NULL,NULL,NULL),
	(267,NULL,8,11,NULL,NULL,NULL,NULL,NULL,57,820,NULL,NULL,NULL,NULL),
	(268,NULL,8,11,NULL,NULL,NULL,NULL,NULL,57,820,NULL,NULL,NULL,NULL),
	(269,NULL,8,11,NULL,NULL,NULL,NULL,NULL,274,820,NULL,NULL,NULL,NULL),
	(270,NULL,8,11,NULL,NULL,NULL,NULL,NULL,9,820,NULL,NULL,NULL,NULL),
	(271,NULL,8,11,NULL,NULL,NULL,NULL,NULL,10,820,NULL,NULL,NULL,NULL),
	(272,NULL,8,11,NULL,NULL,NULL,NULL,NULL,11,820,NULL,NULL,NULL,NULL),
	(273,NULL,8,11,NULL,NULL,NULL,NULL,NULL,121,820,NULL,NULL,NULL,NULL),
	(274,NULL,8,11,NULL,NULL,NULL,NULL,NULL,122,820,NULL,NULL,NULL,NULL),
	(275,NULL,8,11,NULL,NULL,NULL,NULL,NULL,130,820,NULL,NULL,NULL,NULL),
	(276,NULL,8,12,NULL,NULL,NULL,NULL,NULL,266,820,NULL,NULL,NULL,NULL),
	(277,NULL,8,12,NULL,NULL,NULL,NULL,NULL,527,820,NULL,NULL,NULL,NULL),
	(278,NULL,8,12,NULL,NULL,NULL,NULL,NULL,57,820,NULL,NULL,NULL,NULL),
	(279,NULL,8,12,NULL,NULL,NULL,NULL,NULL,57,820,NULL,NULL,NULL,NULL),
	(280,NULL,8,12,NULL,NULL,NULL,NULL,NULL,274,820,NULL,NULL,NULL,NULL),
	(281,NULL,8,12,NULL,NULL,NULL,NULL,NULL,9,820,NULL,NULL,NULL,NULL),
	(282,NULL,8,12,NULL,NULL,NULL,NULL,NULL,10,820,NULL,NULL,NULL,NULL),
	(283,NULL,8,12,NULL,NULL,NULL,NULL,NULL,11,820,NULL,NULL,NULL,NULL),
	(284,NULL,8,12,NULL,NULL,NULL,NULL,NULL,121,820,NULL,NULL,NULL,NULL),
	(285,NULL,8,12,NULL,NULL,NULL,NULL,NULL,122,820,NULL,NULL,NULL,NULL),
	(286,NULL,8,12,NULL,NULL,NULL,NULL,NULL,130,820,NULL,NULL,NULL,NULL),
	(287,NULL,8,15,NULL,NULL,NULL,NULL,NULL,266,820,NULL,NULL,NULL,NULL),
	(288,NULL,8,15,NULL,NULL,NULL,NULL,NULL,527,820,NULL,NULL,NULL,NULL),
	(289,NULL,8,15,NULL,NULL,NULL,NULL,NULL,57,820,NULL,NULL,NULL,NULL),
	(290,NULL,8,15,NULL,NULL,NULL,NULL,NULL,57,820,NULL,NULL,NULL,NULL),
	(291,NULL,8,15,NULL,NULL,NULL,NULL,NULL,274,820,NULL,NULL,NULL,NULL),
	(292,NULL,8,15,NULL,NULL,NULL,NULL,NULL,9,820,NULL,NULL,NULL,NULL),
	(293,NULL,8,15,NULL,NULL,NULL,NULL,NULL,10,820,NULL,NULL,NULL,NULL),
	(294,NULL,8,15,NULL,NULL,NULL,NULL,NULL,11,820,NULL,NULL,NULL,NULL),
	(295,NULL,8,15,NULL,NULL,NULL,NULL,NULL,121,820,NULL,NULL,NULL,NULL),
	(296,NULL,8,15,NULL,NULL,NULL,NULL,NULL,122,820,NULL,NULL,NULL,NULL),
	(297,NULL,8,15,NULL,NULL,NULL,NULL,NULL,130,820,NULL,NULL,NULL,NULL),
	(298,NULL,8,16,NULL,NULL,NULL,NULL,NULL,266,820,NULL,NULL,NULL,NULL),
	(299,NULL,8,16,NULL,NULL,NULL,NULL,NULL,527,820,NULL,NULL,NULL,NULL),
	(300,NULL,8,16,NULL,NULL,NULL,NULL,NULL,57,820,NULL,NULL,NULL,NULL),
	(301,NULL,8,16,NULL,NULL,NULL,NULL,NULL,57,820,NULL,NULL,NULL,NULL),
	(302,NULL,8,16,NULL,NULL,NULL,NULL,NULL,274,820,NULL,NULL,NULL,NULL),
	(303,NULL,8,16,NULL,NULL,NULL,NULL,NULL,9,820,NULL,NULL,NULL,NULL),
	(304,NULL,8,16,NULL,NULL,NULL,NULL,NULL,10,820,NULL,NULL,NULL,NULL),
	(305,NULL,8,16,NULL,NULL,NULL,NULL,NULL,11,820,NULL,NULL,NULL,NULL),
	(306,NULL,8,16,NULL,NULL,NULL,NULL,NULL,121,820,NULL,NULL,NULL,NULL),
	(307,NULL,8,16,NULL,NULL,NULL,NULL,NULL,122,820,NULL,NULL,NULL,NULL),
	(308,NULL,8,16,NULL,NULL,NULL,NULL,NULL,130,820,NULL,NULL,NULL,NULL),
	(309,NULL,8,15,NULL,NULL,NULL,NULL,NULL,266,820,NULL,NULL,NULL,NULL),
	(310,NULL,8,15,NULL,NULL,NULL,NULL,NULL,527,820,NULL,NULL,NULL,NULL),
	(311,NULL,8,15,NULL,NULL,NULL,NULL,NULL,57,820,NULL,NULL,NULL,NULL),
	(312,NULL,8,15,NULL,NULL,NULL,NULL,NULL,57,820,NULL,NULL,NULL,NULL),
	(313,NULL,8,15,NULL,NULL,NULL,NULL,NULL,274,820,NULL,NULL,NULL,NULL),
	(314,NULL,8,15,NULL,NULL,NULL,NULL,NULL,9,820,NULL,NULL,NULL,NULL),
	(315,NULL,8,15,NULL,NULL,NULL,NULL,NULL,10,820,NULL,NULL,NULL,NULL),
	(316,NULL,8,15,NULL,NULL,NULL,NULL,NULL,11,820,NULL,NULL,NULL,NULL),
	(317,NULL,8,15,NULL,NULL,NULL,NULL,NULL,121,820,NULL,NULL,NULL,NULL),
	(318,NULL,8,15,NULL,NULL,NULL,NULL,NULL,122,820,NULL,NULL,NULL,NULL),
	(319,NULL,8,15,NULL,NULL,NULL,NULL,NULL,130,820,NULL,NULL,NULL,NULL),
	(320,NULL,8,16,NULL,NULL,NULL,NULL,NULL,266,820,NULL,NULL,NULL,NULL),
	(321,NULL,8,16,NULL,NULL,NULL,NULL,NULL,527,820,NULL,NULL,NULL,NULL),
	(322,NULL,8,16,NULL,NULL,NULL,NULL,NULL,57,820,NULL,NULL,NULL,NULL),
	(323,NULL,8,16,NULL,NULL,NULL,NULL,NULL,57,820,NULL,NULL,NULL,NULL),
	(324,NULL,8,16,NULL,NULL,NULL,NULL,NULL,274,820,NULL,NULL,NULL,NULL),
	(325,NULL,8,16,NULL,NULL,NULL,NULL,NULL,9,820,NULL,NULL,NULL,NULL),
	(326,NULL,8,16,NULL,NULL,NULL,NULL,NULL,10,820,NULL,NULL,NULL,NULL),
	(327,NULL,8,16,NULL,NULL,NULL,NULL,NULL,11,820,NULL,NULL,NULL,NULL),
	(328,NULL,8,16,NULL,NULL,NULL,NULL,NULL,121,820,NULL,NULL,NULL,NULL),
	(329,NULL,8,16,NULL,NULL,NULL,NULL,NULL,122,820,NULL,NULL,NULL,NULL),
	(330,NULL,8,16,NULL,NULL,NULL,NULL,NULL,130,820,NULL,NULL,NULL,NULL),
	(331,NULL,8,11,NULL,NULL,NULL,NULL,NULL,266,820,NULL,NULL,NULL,NULL),
	(332,NULL,8,11,NULL,NULL,NULL,NULL,NULL,527,820,NULL,NULL,NULL,NULL),
	(333,NULL,8,11,NULL,NULL,NULL,NULL,NULL,57,820,NULL,NULL,NULL,NULL),
	(334,NULL,8,11,NULL,NULL,NULL,NULL,NULL,57,820,NULL,NULL,NULL,NULL),
	(335,NULL,8,11,NULL,NULL,NULL,NULL,NULL,274,820,NULL,NULL,NULL,NULL),
	(336,NULL,8,11,NULL,NULL,NULL,NULL,NULL,9,820,NULL,NULL,NULL,NULL),
	(337,NULL,8,11,NULL,NULL,NULL,NULL,NULL,10,820,NULL,NULL,NULL,NULL),
	(338,NULL,8,11,NULL,NULL,NULL,NULL,NULL,11,820,NULL,NULL,NULL,NULL),
	(339,NULL,8,11,NULL,NULL,NULL,NULL,NULL,121,820,NULL,NULL,NULL,NULL),
	(340,NULL,8,11,NULL,NULL,NULL,NULL,NULL,122,820,NULL,NULL,NULL,NULL),
	(341,NULL,8,11,NULL,NULL,NULL,NULL,NULL,130,820,NULL,NULL,NULL,NULL),
	(342,NULL,8,12,NULL,NULL,NULL,NULL,NULL,266,820,NULL,NULL,NULL,NULL),
	(343,NULL,8,12,NULL,NULL,NULL,NULL,NULL,527,820,NULL,NULL,NULL,NULL),
	(344,NULL,8,12,NULL,NULL,NULL,NULL,NULL,57,820,NULL,NULL,NULL,NULL),
	(345,NULL,8,12,NULL,NULL,NULL,NULL,NULL,57,820,NULL,NULL,NULL,NULL),
	(346,NULL,8,12,NULL,NULL,NULL,NULL,NULL,274,820,NULL,NULL,NULL,NULL),
	(347,NULL,8,12,NULL,NULL,NULL,NULL,NULL,9,820,NULL,NULL,NULL,NULL),
	(348,NULL,8,12,NULL,NULL,NULL,NULL,NULL,10,820,NULL,NULL,NULL,NULL),
	(349,NULL,8,12,NULL,NULL,NULL,NULL,NULL,11,820,NULL,NULL,NULL,NULL),
	(350,NULL,8,12,NULL,NULL,NULL,NULL,NULL,121,820,NULL,NULL,NULL,NULL),
	(351,NULL,8,12,NULL,NULL,NULL,NULL,NULL,122,820,NULL,NULL,NULL,NULL),
	(352,NULL,8,12,NULL,NULL,NULL,NULL,NULL,130,820,NULL,NULL,NULL,NULL),
	(353,NULL,8,11,NULL,NULL,NULL,NULL,NULL,266,820,NULL,NULL,NULL,NULL),
	(354,NULL,8,11,NULL,NULL,NULL,NULL,NULL,527,820,NULL,NULL,NULL,NULL),
	(355,NULL,8,11,NULL,NULL,NULL,NULL,NULL,57,820,NULL,NULL,NULL,NULL),
	(356,NULL,8,11,NULL,NULL,NULL,NULL,NULL,57,820,NULL,NULL,NULL,NULL),
	(357,NULL,8,11,NULL,NULL,NULL,NULL,NULL,274,820,NULL,NULL,NULL,NULL),
	(358,NULL,8,11,NULL,NULL,NULL,NULL,NULL,9,820,NULL,NULL,NULL,NULL),
	(359,NULL,8,11,NULL,NULL,NULL,NULL,NULL,10,820,NULL,NULL,NULL,NULL),
	(360,NULL,8,11,NULL,NULL,NULL,NULL,NULL,11,820,NULL,NULL,NULL,NULL),
	(361,NULL,8,11,NULL,NULL,NULL,NULL,NULL,121,820,NULL,NULL,NULL,NULL),
	(362,NULL,8,11,NULL,NULL,NULL,NULL,NULL,122,820,NULL,NULL,NULL,NULL),
	(363,NULL,8,11,NULL,NULL,NULL,NULL,NULL,130,820,NULL,NULL,NULL,NULL),
	(364,NULL,8,11,NULL,NULL,NULL,NULL,NULL,266,820,NULL,NULL,NULL,NULL),
	(365,NULL,8,11,NULL,NULL,NULL,NULL,NULL,527,820,NULL,NULL,NULL,NULL),
	(366,NULL,8,11,NULL,NULL,NULL,NULL,NULL,57,820,NULL,NULL,NULL,NULL),
	(367,NULL,8,11,NULL,NULL,NULL,NULL,NULL,57,820,NULL,NULL,NULL,NULL),
	(368,NULL,8,11,NULL,NULL,NULL,NULL,NULL,274,820,NULL,NULL,NULL,NULL),
	(369,NULL,8,11,NULL,NULL,NULL,NULL,NULL,9,820,NULL,NULL,NULL,NULL),
	(370,NULL,8,11,NULL,NULL,NULL,NULL,NULL,10,820,NULL,NULL,NULL,NULL),
	(371,NULL,8,11,NULL,NULL,NULL,NULL,NULL,11,820,NULL,NULL,NULL,NULL),
	(372,NULL,8,11,NULL,NULL,NULL,NULL,NULL,121,820,NULL,NULL,NULL,NULL),
	(373,NULL,8,11,NULL,NULL,NULL,NULL,NULL,122,820,NULL,NULL,NULL,NULL),
	(374,NULL,8,11,NULL,NULL,NULL,NULL,NULL,130,820,NULL,NULL,NULL,NULL),
	(375,NULL,8,11,NULL,NULL,NULL,NULL,NULL,266,820,NULL,NULL,NULL,NULL),
	(376,NULL,8,11,NULL,NULL,NULL,NULL,NULL,527,820,NULL,NULL,NULL,NULL),
	(377,NULL,8,11,NULL,NULL,NULL,NULL,NULL,57,820,NULL,NULL,NULL,NULL),
	(378,NULL,8,11,NULL,NULL,NULL,NULL,NULL,57,820,NULL,NULL,NULL,NULL),
	(379,NULL,8,11,NULL,NULL,NULL,NULL,NULL,274,820,NULL,NULL,NULL,NULL),
	(380,NULL,8,11,NULL,NULL,NULL,NULL,NULL,9,820,NULL,NULL,NULL,NULL),
	(381,NULL,8,11,NULL,NULL,NULL,NULL,NULL,10,820,NULL,NULL,NULL,NULL),
	(382,NULL,8,11,NULL,NULL,NULL,NULL,NULL,11,820,NULL,NULL,NULL,NULL),
	(383,NULL,8,11,NULL,NULL,NULL,NULL,NULL,121,820,NULL,NULL,NULL,NULL),
	(384,NULL,8,11,NULL,NULL,NULL,NULL,NULL,122,820,NULL,NULL,NULL,NULL),
	(385,NULL,8,11,NULL,NULL,NULL,NULL,NULL,130,820,NULL,NULL,NULL,NULL),
	(386,NULL,8,11,NULL,NULL,NULL,NULL,NULL,266,820,NULL,NULL,NULL,NULL),
	(387,NULL,8,11,NULL,NULL,NULL,NULL,NULL,527,820,NULL,NULL,NULL,NULL),
	(388,NULL,8,11,NULL,NULL,NULL,NULL,NULL,57,820,NULL,NULL,NULL,NULL),
	(389,NULL,8,11,NULL,NULL,NULL,NULL,NULL,57,820,NULL,NULL,NULL,NULL),
	(390,NULL,8,11,NULL,NULL,NULL,NULL,NULL,274,820,NULL,NULL,NULL,NULL),
	(391,NULL,8,11,NULL,NULL,NULL,NULL,NULL,9,820,NULL,NULL,NULL,NULL),
	(392,NULL,8,11,NULL,NULL,NULL,NULL,NULL,10,820,NULL,NULL,NULL,NULL),
	(393,NULL,8,11,NULL,NULL,NULL,NULL,NULL,11,820,NULL,NULL,NULL,NULL),
	(394,NULL,8,11,NULL,NULL,NULL,NULL,NULL,121,820,NULL,NULL,NULL,NULL),
	(395,NULL,8,11,NULL,NULL,NULL,NULL,NULL,122,820,NULL,NULL,NULL,NULL),
	(396,NULL,8,11,NULL,NULL,NULL,NULL,NULL,130,820,NULL,NULL,NULL,NULL),
	(397,NULL,8,11,NULL,NULL,NULL,NULL,NULL,266,820,NULL,NULL,NULL,NULL),
	(398,NULL,8,11,NULL,NULL,NULL,NULL,NULL,527,820,NULL,NULL,NULL,NULL),
	(399,NULL,8,11,NULL,NULL,NULL,NULL,NULL,57,820,NULL,NULL,NULL,NULL),
	(400,NULL,8,11,NULL,NULL,NULL,NULL,NULL,57,820,NULL,NULL,NULL,NULL),
	(401,NULL,8,11,NULL,NULL,NULL,NULL,NULL,274,820,NULL,NULL,NULL,NULL),
	(402,NULL,8,11,NULL,NULL,NULL,NULL,NULL,9,820,NULL,NULL,NULL,NULL),
	(403,NULL,8,11,NULL,NULL,NULL,NULL,NULL,10,820,NULL,NULL,NULL,NULL),
	(404,NULL,8,11,NULL,NULL,NULL,NULL,NULL,11,820,NULL,NULL,NULL,NULL),
	(405,NULL,8,11,NULL,NULL,NULL,NULL,NULL,121,820,NULL,NULL,NULL,NULL),
	(406,NULL,8,11,NULL,NULL,NULL,NULL,NULL,122,820,NULL,NULL,NULL,NULL),
	(407,NULL,8,11,NULL,NULL,NULL,NULL,NULL,130,820,NULL,NULL,NULL,NULL),
	(408,NULL,8,11,NULL,NULL,NULL,NULL,NULL,266,820,NULL,NULL,NULL,NULL),
	(409,NULL,8,11,NULL,NULL,NULL,NULL,NULL,527,820,NULL,NULL,NULL,NULL),
	(410,NULL,8,11,NULL,NULL,NULL,NULL,NULL,57,820,NULL,NULL,NULL,NULL),
	(411,NULL,8,11,NULL,NULL,NULL,NULL,NULL,57,820,NULL,NULL,NULL,NULL),
	(412,NULL,8,11,NULL,NULL,NULL,NULL,NULL,274,820,NULL,NULL,NULL,NULL),
	(413,NULL,8,11,NULL,NULL,NULL,NULL,NULL,9,820,NULL,NULL,NULL,NULL),
	(414,NULL,8,11,NULL,NULL,NULL,NULL,NULL,10,820,NULL,NULL,NULL,NULL),
	(415,NULL,8,11,NULL,NULL,NULL,NULL,NULL,11,820,NULL,NULL,NULL,NULL),
	(416,NULL,8,11,NULL,NULL,NULL,NULL,NULL,121,820,NULL,NULL,NULL,NULL),
	(417,NULL,8,11,NULL,NULL,NULL,NULL,NULL,122,820,NULL,NULL,NULL,NULL),
	(418,NULL,8,11,NULL,NULL,NULL,NULL,NULL,130,820,NULL,NULL,NULL,NULL),
	(419,NULL,8,9,NULL,NULL,NULL,NULL,NULL,266,820,NULL,NULL,NULL,NULL),
	(420,NULL,8,9,NULL,NULL,NULL,NULL,NULL,527,820,NULL,NULL,NULL,NULL),
	(421,NULL,8,9,NULL,NULL,NULL,NULL,NULL,57,820,NULL,NULL,NULL,NULL),
	(422,NULL,8,9,NULL,NULL,NULL,NULL,NULL,57,820,NULL,NULL,NULL,NULL),
	(423,NULL,8,9,NULL,NULL,NULL,NULL,NULL,274,820,NULL,NULL,NULL,NULL),
	(424,NULL,8,9,NULL,NULL,NULL,NULL,NULL,9,820,NULL,NULL,NULL,NULL),
	(425,NULL,8,9,NULL,NULL,NULL,NULL,NULL,10,820,NULL,NULL,NULL,NULL),
	(426,NULL,8,9,NULL,NULL,NULL,NULL,NULL,11,820,NULL,NULL,NULL,NULL),
	(427,NULL,8,9,NULL,NULL,NULL,NULL,NULL,121,820,NULL,NULL,NULL,NULL),
	(428,NULL,8,9,NULL,NULL,NULL,NULL,NULL,122,820,NULL,NULL,NULL,NULL),
	(429,NULL,8,9,NULL,NULL,NULL,NULL,NULL,130,820,NULL,NULL,NULL,NULL),
	(430,NULL,8,10,NULL,NULL,NULL,NULL,NULL,266,820,NULL,NULL,NULL,NULL),
	(431,NULL,8,10,NULL,NULL,NULL,NULL,NULL,527,820,NULL,NULL,NULL,NULL),
	(432,NULL,8,10,NULL,NULL,NULL,NULL,NULL,57,820,NULL,NULL,NULL,NULL),
	(433,NULL,8,10,NULL,NULL,NULL,NULL,NULL,57,820,NULL,NULL,NULL,NULL),
	(434,NULL,8,10,NULL,NULL,NULL,NULL,NULL,274,820,NULL,NULL,NULL,NULL),
	(435,NULL,8,10,NULL,NULL,NULL,NULL,NULL,9,820,NULL,NULL,NULL,NULL),
	(436,NULL,8,10,NULL,NULL,NULL,NULL,NULL,10,820,NULL,NULL,NULL,NULL),
	(437,NULL,8,10,NULL,NULL,NULL,NULL,NULL,11,820,NULL,NULL,NULL,NULL),
	(438,NULL,8,10,NULL,NULL,NULL,NULL,NULL,121,820,NULL,NULL,NULL,NULL),
	(439,NULL,8,10,NULL,NULL,NULL,NULL,NULL,122,820,NULL,NULL,NULL,NULL),
	(440,NULL,8,10,NULL,NULL,NULL,NULL,NULL,130,820,NULL,NULL,NULL,NULL),
	(441,NULL,8,12,NULL,NULL,NULL,NULL,NULL,266,820,NULL,NULL,NULL,NULL),
	(442,NULL,8,12,NULL,NULL,NULL,NULL,NULL,527,820,NULL,NULL,NULL,NULL),
	(443,NULL,8,12,NULL,NULL,NULL,NULL,NULL,57,820,NULL,NULL,NULL,NULL),
	(444,NULL,8,12,NULL,NULL,NULL,NULL,NULL,57,820,NULL,NULL,NULL,NULL),
	(445,NULL,8,12,NULL,NULL,NULL,NULL,NULL,274,820,NULL,NULL,NULL,NULL),
	(446,NULL,8,12,NULL,NULL,NULL,NULL,NULL,9,820,NULL,NULL,NULL,NULL),
	(447,NULL,8,12,NULL,NULL,NULL,NULL,NULL,10,820,NULL,NULL,NULL,NULL),
	(448,NULL,8,12,NULL,NULL,NULL,NULL,NULL,11,820,NULL,NULL,NULL,NULL),
	(449,NULL,8,12,NULL,NULL,NULL,NULL,NULL,121,820,NULL,NULL,NULL,NULL),
	(450,NULL,8,12,NULL,NULL,NULL,NULL,NULL,122,820,NULL,NULL,NULL,NULL),
	(451,NULL,8,12,NULL,NULL,NULL,NULL,NULL,130,820,NULL,NULL,NULL,NULL),
	(452,NULL,8,9,NULL,NULL,NULL,NULL,NULL,266,820,NULL,NULL,NULL,NULL),
	(453,NULL,8,9,NULL,NULL,NULL,NULL,NULL,527,820,NULL,NULL,NULL,NULL),
	(454,NULL,8,9,NULL,NULL,NULL,NULL,NULL,57,820,NULL,NULL,NULL,NULL),
	(455,NULL,8,9,NULL,NULL,NULL,NULL,NULL,57,820,NULL,NULL,NULL,NULL),
	(456,NULL,8,9,NULL,NULL,NULL,NULL,NULL,274,820,NULL,NULL,NULL,NULL),
	(457,NULL,8,9,NULL,NULL,NULL,NULL,NULL,9,820,NULL,NULL,NULL,NULL),
	(458,NULL,8,9,NULL,NULL,NULL,NULL,NULL,10,820,NULL,NULL,NULL,NULL),
	(459,NULL,8,9,NULL,NULL,NULL,NULL,NULL,11,820,NULL,NULL,NULL,NULL),
	(460,NULL,8,9,NULL,NULL,NULL,NULL,NULL,121,820,NULL,NULL,NULL,NULL),
	(461,NULL,8,9,NULL,NULL,NULL,NULL,NULL,122,820,NULL,NULL,NULL,NULL),
	(462,NULL,8,9,NULL,NULL,NULL,NULL,NULL,130,820,NULL,NULL,NULL,NULL),
	(463,NULL,8,10,NULL,NULL,NULL,NULL,NULL,266,820,NULL,NULL,NULL,NULL),
	(464,NULL,8,10,NULL,NULL,NULL,NULL,NULL,527,820,NULL,NULL,NULL,NULL),
	(465,NULL,8,10,NULL,NULL,NULL,NULL,NULL,57,820,NULL,NULL,NULL,NULL),
	(466,NULL,8,10,NULL,NULL,NULL,NULL,NULL,57,820,NULL,NULL,NULL,NULL),
	(467,NULL,8,10,NULL,NULL,NULL,NULL,NULL,274,820,NULL,NULL,NULL,NULL),
	(468,NULL,8,10,NULL,NULL,NULL,NULL,NULL,9,820,NULL,NULL,NULL,NULL),
	(469,NULL,8,10,NULL,NULL,NULL,NULL,NULL,10,820,NULL,NULL,NULL,NULL),
	(470,NULL,8,10,NULL,NULL,NULL,NULL,NULL,11,820,NULL,NULL,NULL,NULL),
	(471,NULL,8,10,NULL,NULL,NULL,NULL,NULL,121,820,NULL,NULL,NULL,NULL),
	(472,NULL,8,10,NULL,NULL,NULL,NULL,NULL,122,820,NULL,NULL,NULL,NULL),
	(473,NULL,8,10,NULL,NULL,NULL,NULL,NULL,130,820,NULL,NULL,NULL,NULL),
	(474,NULL,8,12,NULL,NULL,NULL,NULL,NULL,266,820,NULL,NULL,NULL,NULL),
	(475,NULL,8,12,NULL,NULL,NULL,NULL,NULL,527,820,NULL,NULL,NULL,NULL),
	(476,NULL,8,12,NULL,NULL,NULL,NULL,NULL,57,820,NULL,NULL,NULL,NULL),
	(477,NULL,8,12,NULL,NULL,NULL,NULL,NULL,57,820,NULL,NULL,NULL,NULL),
	(478,NULL,8,12,NULL,NULL,NULL,NULL,NULL,274,820,NULL,NULL,NULL,NULL),
	(479,NULL,8,12,NULL,NULL,NULL,NULL,NULL,9,820,NULL,NULL,NULL,NULL),
	(480,NULL,8,12,NULL,NULL,NULL,NULL,NULL,10,820,NULL,NULL,NULL,NULL),
	(481,NULL,8,12,NULL,NULL,NULL,NULL,NULL,11,820,NULL,NULL,NULL,NULL),
	(482,NULL,8,12,NULL,NULL,NULL,NULL,NULL,121,820,NULL,NULL,NULL,NULL),
	(483,NULL,8,12,NULL,NULL,NULL,NULL,NULL,122,820,NULL,NULL,NULL,NULL),
	(484,NULL,8,12,NULL,NULL,NULL,NULL,NULL,130,820,NULL,NULL,NULL,NULL),
	(485,NULL,8,9,NULL,NULL,NULL,NULL,NULL,266,820,NULL,NULL,NULL,NULL),
	(486,NULL,8,9,NULL,NULL,NULL,NULL,NULL,527,820,NULL,NULL,NULL,NULL),
	(487,NULL,8,9,NULL,NULL,NULL,NULL,NULL,57,820,NULL,NULL,NULL,NULL),
	(488,NULL,8,9,NULL,NULL,NULL,NULL,NULL,57,820,NULL,NULL,NULL,NULL),
	(489,NULL,8,9,NULL,NULL,NULL,NULL,NULL,274,820,NULL,NULL,NULL,NULL),
	(490,NULL,8,9,NULL,NULL,NULL,NULL,NULL,9,820,NULL,NULL,NULL,NULL),
	(491,NULL,8,9,NULL,NULL,NULL,NULL,NULL,10,820,NULL,NULL,NULL,NULL),
	(492,NULL,8,9,NULL,NULL,NULL,NULL,NULL,11,820,NULL,NULL,NULL,NULL),
	(493,NULL,8,9,NULL,NULL,NULL,NULL,NULL,121,820,NULL,NULL,NULL,NULL),
	(494,NULL,8,9,NULL,NULL,NULL,NULL,NULL,122,820,NULL,NULL,NULL,NULL),
	(495,NULL,8,9,NULL,NULL,NULL,NULL,NULL,130,820,NULL,NULL,NULL,NULL),
	(496,NULL,8,10,NULL,NULL,NULL,NULL,NULL,266,820,NULL,NULL,NULL,NULL),
	(497,NULL,8,10,NULL,NULL,NULL,NULL,NULL,527,820,NULL,NULL,NULL,NULL),
	(498,NULL,8,10,NULL,NULL,NULL,NULL,NULL,57,820,NULL,NULL,NULL,NULL),
	(499,NULL,8,10,NULL,NULL,NULL,NULL,NULL,57,820,NULL,NULL,NULL,NULL),
	(500,NULL,8,10,NULL,NULL,NULL,NULL,NULL,274,820,NULL,NULL,NULL,NULL),
	(501,NULL,8,10,NULL,NULL,NULL,NULL,NULL,9,820,NULL,NULL,NULL,NULL),
	(502,NULL,8,10,NULL,NULL,NULL,NULL,NULL,10,820,NULL,NULL,NULL,NULL),
	(503,NULL,8,10,NULL,NULL,NULL,NULL,NULL,11,820,NULL,NULL,NULL,NULL),
	(504,NULL,8,10,NULL,NULL,NULL,NULL,NULL,121,820,NULL,NULL,NULL,NULL),
	(505,NULL,8,10,NULL,NULL,NULL,NULL,NULL,122,820,NULL,NULL,NULL,NULL),
	(506,NULL,8,10,NULL,NULL,NULL,NULL,NULL,130,820,NULL,NULL,NULL,NULL),
	(507,NULL,8,12,NULL,NULL,NULL,NULL,NULL,266,820,NULL,NULL,NULL,NULL),
	(508,NULL,8,12,NULL,NULL,NULL,NULL,NULL,527,820,NULL,NULL,NULL,NULL),
	(509,NULL,8,12,NULL,NULL,NULL,NULL,NULL,57,820,NULL,NULL,NULL,NULL),
	(510,NULL,8,12,NULL,NULL,NULL,NULL,NULL,57,820,NULL,NULL,NULL,NULL),
	(511,NULL,8,12,NULL,NULL,NULL,NULL,NULL,274,820,NULL,NULL,NULL,NULL),
	(512,NULL,8,12,NULL,NULL,NULL,NULL,NULL,9,820,NULL,NULL,NULL,NULL),
	(513,NULL,8,12,NULL,NULL,NULL,NULL,NULL,10,820,NULL,NULL,NULL,NULL),
	(514,NULL,8,12,NULL,NULL,NULL,NULL,NULL,11,820,NULL,NULL,NULL,NULL),
	(515,NULL,8,12,NULL,NULL,NULL,NULL,NULL,121,820,NULL,NULL,NULL,NULL),
	(516,NULL,8,12,NULL,NULL,NULL,NULL,NULL,122,820,NULL,NULL,NULL,NULL),
	(517,NULL,8,12,NULL,NULL,NULL,NULL,NULL,130,820,NULL,NULL,NULL,NULL),
	(518,NULL,8,9,NULL,NULL,NULL,NULL,NULL,266,820,NULL,NULL,NULL,NULL),
	(519,NULL,8,9,NULL,NULL,NULL,NULL,NULL,527,820,NULL,NULL,NULL,NULL),
	(520,NULL,8,9,NULL,NULL,NULL,NULL,NULL,57,820,NULL,NULL,NULL,NULL),
	(521,NULL,8,9,NULL,NULL,NULL,NULL,NULL,57,820,NULL,NULL,NULL,NULL),
	(522,NULL,8,9,NULL,NULL,NULL,NULL,NULL,274,820,NULL,NULL,NULL,NULL),
	(523,NULL,8,9,NULL,NULL,NULL,NULL,NULL,9,820,NULL,NULL,NULL,NULL),
	(524,NULL,8,9,NULL,NULL,NULL,NULL,NULL,10,820,NULL,NULL,NULL,NULL),
	(525,NULL,8,9,NULL,NULL,NULL,NULL,NULL,11,820,NULL,NULL,NULL,NULL),
	(526,NULL,8,9,NULL,NULL,NULL,NULL,NULL,121,820,NULL,NULL,NULL,NULL),
	(527,NULL,8,9,NULL,NULL,NULL,NULL,NULL,122,820,NULL,NULL,NULL,NULL),
	(528,NULL,8,9,NULL,NULL,NULL,NULL,NULL,130,820,NULL,NULL,NULL,NULL),
	(529,NULL,8,10,NULL,NULL,NULL,NULL,NULL,266,820,NULL,NULL,NULL,NULL),
	(530,NULL,8,10,NULL,NULL,NULL,NULL,NULL,527,820,NULL,NULL,NULL,NULL),
	(531,NULL,8,10,NULL,NULL,NULL,NULL,NULL,57,820,NULL,NULL,NULL,NULL),
	(532,NULL,8,10,NULL,NULL,NULL,NULL,NULL,57,820,NULL,NULL,NULL,NULL),
	(533,NULL,8,10,NULL,NULL,NULL,NULL,NULL,274,820,NULL,NULL,NULL,NULL),
	(534,NULL,8,10,NULL,NULL,NULL,NULL,NULL,9,820,NULL,NULL,NULL,NULL),
	(535,NULL,8,10,NULL,NULL,NULL,NULL,NULL,10,820,NULL,NULL,NULL,NULL),
	(536,NULL,8,10,NULL,NULL,NULL,NULL,NULL,11,820,NULL,NULL,NULL,NULL),
	(537,NULL,8,10,NULL,NULL,NULL,NULL,NULL,121,820,NULL,NULL,NULL,NULL),
	(538,NULL,8,10,NULL,NULL,NULL,NULL,NULL,122,820,NULL,NULL,NULL,NULL),
	(539,NULL,8,10,NULL,NULL,NULL,NULL,NULL,130,820,NULL,NULL,NULL,NULL),
	(540,NULL,8,12,NULL,NULL,NULL,NULL,NULL,266,820,NULL,NULL,NULL,NULL),
	(541,NULL,8,12,NULL,NULL,NULL,NULL,NULL,527,820,NULL,NULL,NULL,NULL),
	(542,NULL,8,12,NULL,NULL,NULL,NULL,NULL,57,820,NULL,NULL,NULL,NULL),
	(543,NULL,8,12,NULL,NULL,NULL,NULL,NULL,57,820,NULL,NULL,NULL,NULL),
	(544,NULL,8,12,NULL,NULL,NULL,NULL,NULL,274,820,NULL,NULL,NULL,NULL),
	(545,NULL,8,12,NULL,NULL,NULL,NULL,NULL,9,820,NULL,NULL,NULL,NULL),
	(546,NULL,8,12,NULL,NULL,NULL,NULL,NULL,10,820,NULL,NULL,NULL,NULL),
	(547,NULL,8,12,NULL,NULL,NULL,NULL,NULL,11,820,NULL,NULL,NULL,NULL),
	(548,NULL,8,12,NULL,NULL,NULL,NULL,NULL,121,820,NULL,NULL,NULL,NULL),
	(549,NULL,8,12,NULL,NULL,NULL,NULL,NULL,122,820,NULL,NULL,NULL,NULL),
	(550,NULL,8,12,NULL,NULL,NULL,NULL,NULL,130,820,NULL,NULL,NULL,NULL),
	(551,NULL,8,9,NULL,NULL,NULL,NULL,NULL,266,820,NULL,NULL,NULL,NULL),
	(552,NULL,8,9,NULL,NULL,NULL,NULL,NULL,527,820,NULL,NULL,NULL,NULL),
	(553,NULL,8,9,NULL,NULL,NULL,NULL,NULL,57,820,NULL,NULL,NULL,NULL),
	(554,NULL,8,9,NULL,NULL,NULL,NULL,NULL,57,820,NULL,NULL,NULL,NULL),
	(555,NULL,8,9,NULL,NULL,NULL,NULL,NULL,274,820,NULL,NULL,NULL,NULL),
	(556,NULL,8,9,NULL,NULL,NULL,NULL,NULL,9,820,NULL,NULL,NULL,NULL),
	(557,NULL,8,9,NULL,NULL,NULL,NULL,NULL,10,820,NULL,NULL,NULL,NULL),
	(558,NULL,8,9,NULL,NULL,NULL,NULL,NULL,11,820,NULL,NULL,NULL,NULL),
	(559,NULL,8,9,NULL,NULL,NULL,NULL,NULL,121,820,NULL,NULL,NULL,NULL),
	(560,NULL,8,9,NULL,NULL,NULL,NULL,NULL,122,820,NULL,NULL,NULL,NULL),
	(561,NULL,8,9,NULL,NULL,NULL,NULL,NULL,130,820,NULL,NULL,NULL,NULL),
	(562,NULL,8,10,NULL,NULL,NULL,NULL,NULL,266,820,NULL,NULL,NULL,NULL),
	(563,NULL,8,10,NULL,NULL,NULL,NULL,NULL,527,820,NULL,NULL,NULL,NULL),
	(564,NULL,8,10,NULL,NULL,NULL,NULL,NULL,57,820,NULL,NULL,NULL,NULL),
	(565,NULL,8,10,NULL,NULL,NULL,NULL,NULL,57,820,NULL,NULL,NULL,NULL),
	(566,NULL,8,10,NULL,NULL,NULL,NULL,NULL,274,820,NULL,NULL,NULL,NULL),
	(567,NULL,8,10,NULL,NULL,NULL,NULL,NULL,9,820,NULL,NULL,NULL,NULL),
	(568,NULL,8,10,NULL,NULL,NULL,NULL,NULL,10,820,NULL,NULL,NULL,NULL),
	(569,NULL,8,10,NULL,NULL,NULL,NULL,NULL,11,820,NULL,NULL,NULL,NULL),
	(570,NULL,8,10,NULL,NULL,NULL,NULL,NULL,121,820,NULL,NULL,NULL,NULL),
	(571,NULL,8,10,NULL,NULL,NULL,NULL,NULL,122,820,NULL,NULL,NULL,NULL),
	(572,NULL,8,10,NULL,NULL,NULL,NULL,NULL,130,820,NULL,NULL,NULL,NULL),
	(573,NULL,8,12,NULL,NULL,NULL,NULL,NULL,266,820,NULL,NULL,NULL,NULL),
	(574,NULL,8,12,NULL,NULL,NULL,NULL,NULL,527,820,NULL,NULL,NULL,NULL),
	(575,NULL,8,12,NULL,NULL,NULL,NULL,NULL,57,820,NULL,NULL,NULL,NULL),
	(576,NULL,8,12,NULL,NULL,NULL,NULL,NULL,57,820,NULL,NULL,NULL,NULL),
	(577,NULL,8,12,NULL,NULL,NULL,NULL,NULL,274,820,NULL,NULL,NULL,NULL),
	(578,NULL,8,12,NULL,NULL,NULL,NULL,NULL,9,820,NULL,NULL,NULL,NULL),
	(579,NULL,8,12,NULL,NULL,NULL,NULL,NULL,10,820,NULL,NULL,NULL,NULL),
	(580,NULL,8,12,NULL,NULL,NULL,NULL,NULL,11,820,NULL,NULL,NULL,NULL),
	(581,NULL,8,12,NULL,NULL,NULL,NULL,NULL,121,820,NULL,NULL,NULL,NULL),
	(582,NULL,8,12,NULL,NULL,NULL,NULL,NULL,122,820,NULL,NULL,NULL,NULL),
	(583,NULL,8,12,NULL,NULL,NULL,NULL,NULL,130,820,NULL,NULL,NULL,NULL),
	(584,NULL,8,9,NULL,NULL,NULL,NULL,NULL,266,820,NULL,NULL,NULL,NULL),
	(585,NULL,8,9,NULL,NULL,NULL,NULL,NULL,527,820,NULL,NULL,NULL,NULL),
	(586,NULL,8,9,NULL,NULL,NULL,NULL,NULL,57,820,NULL,NULL,NULL,NULL),
	(587,NULL,8,9,NULL,NULL,NULL,NULL,NULL,57,820,NULL,NULL,NULL,NULL),
	(588,NULL,8,9,NULL,NULL,NULL,NULL,NULL,274,820,NULL,NULL,NULL,NULL),
	(589,NULL,8,9,NULL,NULL,NULL,NULL,NULL,9,820,NULL,NULL,NULL,NULL),
	(590,NULL,8,9,NULL,NULL,NULL,NULL,NULL,10,820,NULL,NULL,NULL,NULL),
	(591,NULL,8,9,NULL,NULL,NULL,NULL,NULL,11,820,NULL,NULL,NULL,NULL),
	(592,NULL,8,9,NULL,NULL,NULL,NULL,NULL,121,820,NULL,NULL,NULL,NULL),
	(593,NULL,8,9,NULL,NULL,NULL,NULL,NULL,122,820,NULL,NULL,NULL,NULL),
	(594,NULL,8,9,NULL,NULL,NULL,NULL,NULL,130,820,NULL,NULL,NULL,NULL),
	(595,NULL,8,10,NULL,NULL,NULL,NULL,NULL,266,820,NULL,NULL,NULL,NULL),
	(596,NULL,8,10,NULL,NULL,NULL,NULL,NULL,527,820,NULL,NULL,NULL,NULL),
	(597,NULL,8,10,NULL,NULL,NULL,NULL,NULL,57,820,NULL,NULL,NULL,NULL),
	(598,NULL,8,10,NULL,NULL,NULL,NULL,NULL,57,820,NULL,NULL,NULL,NULL),
	(599,NULL,8,10,NULL,NULL,NULL,NULL,NULL,274,820,NULL,NULL,NULL,NULL),
	(600,NULL,8,10,NULL,NULL,NULL,NULL,NULL,9,820,NULL,NULL,NULL,NULL),
	(601,NULL,8,10,NULL,NULL,NULL,NULL,NULL,10,820,NULL,NULL,NULL,NULL),
	(602,NULL,8,10,NULL,NULL,NULL,NULL,NULL,11,820,NULL,NULL,NULL,NULL),
	(603,NULL,8,10,NULL,NULL,NULL,NULL,NULL,121,820,NULL,NULL,NULL,NULL),
	(604,NULL,8,10,NULL,NULL,NULL,NULL,NULL,122,820,NULL,NULL,NULL,NULL),
	(605,NULL,8,10,NULL,NULL,NULL,NULL,NULL,130,820,NULL,NULL,NULL,NULL),
	(606,NULL,8,12,NULL,NULL,NULL,NULL,NULL,266,820,NULL,NULL,NULL,NULL),
	(607,NULL,8,12,NULL,NULL,NULL,NULL,NULL,527,820,NULL,NULL,NULL,NULL),
	(608,NULL,8,12,NULL,NULL,NULL,NULL,NULL,57,820,NULL,NULL,NULL,NULL),
	(609,NULL,8,12,NULL,NULL,NULL,NULL,NULL,57,820,NULL,NULL,NULL,NULL),
	(610,NULL,8,12,NULL,NULL,NULL,NULL,NULL,274,820,NULL,NULL,NULL,NULL),
	(611,NULL,8,12,NULL,NULL,NULL,NULL,NULL,9,820,NULL,NULL,NULL,NULL),
	(612,NULL,8,12,NULL,NULL,NULL,NULL,NULL,10,820,NULL,NULL,NULL,NULL),
	(613,NULL,8,12,NULL,NULL,NULL,NULL,NULL,11,820,NULL,NULL,NULL,NULL),
	(614,NULL,8,12,NULL,NULL,NULL,NULL,NULL,121,820,NULL,NULL,NULL,NULL),
	(615,NULL,8,12,NULL,NULL,NULL,NULL,NULL,122,820,NULL,NULL,NULL,NULL),
	(616,NULL,8,12,NULL,NULL,NULL,NULL,NULL,130,820,NULL,NULL,NULL,NULL),
	(617,NULL,8,9,NULL,NULL,NULL,NULL,NULL,266,820,NULL,NULL,NULL,NULL),
	(618,NULL,8,9,NULL,NULL,NULL,NULL,NULL,527,820,NULL,NULL,NULL,NULL),
	(619,NULL,8,9,NULL,NULL,NULL,NULL,NULL,57,820,NULL,NULL,NULL,NULL),
	(620,NULL,8,9,NULL,NULL,NULL,NULL,NULL,57,820,NULL,NULL,NULL,NULL),
	(621,NULL,8,9,NULL,NULL,NULL,NULL,NULL,274,820,NULL,NULL,NULL,NULL),
	(622,NULL,8,9,NULL,NULL,NULL,NULL,NULL,9,820,NULL,NULL,NULL,NULL),
	(623,NULL,8,9,NULL,NULL,NULL,NULL,NULL,10,820,NULL,NULL,NULL,NULL),
	(624,NULL,8,9,NULL,NULL,NULL,NULL,NULL,11,820,NULL,NULL,NULL,NULL),
	(625,NULL,8,9,NULL,NULL,NULL,NULL,NULL,121,820,NULL,NULL,NULL,NULL),
	(626,NULL,8,9,NULL,NULL,NULL,NULL,NULL,122,820,NULL,NULL,NULL,NULL),
	(627,NULL,8,9,NULL,NULL,NULL,NULL,NULL,130,820,NULL,NULL,NULL,NULL),
	(628,NULL,8,10,NULL,NULL,NULL,NULL,NULL,266,820,NULL,NULL,NULL,NULL),
	(629,NULL,8,10,NULL,NULL,NULL,NULL,NULL,527,820,NULL,NULL,NULL,NULL),
	(630,NULL,8,10,NULL,NULL,NULL,NULL,NULL,57,820,NULL,NULL,NULL,NULL),
	(631,NULL,8,10,NULL,NULL,NULL,NULL,NULL,57,820,NULL,NULL,NULL,NULL),
	(632,NULL,8,10,NULL,NULL,NULL,NULL,NULL,274,820,NULL,NULL,NULL,NULL),
	(633,NULL,8,10,NULL,NULL,NULL,NULL,NULL,9,820,NULL,NULL,NULL,NULL),
	(634,NULL,8,10,NULL,NULL,NULL,NULL,NULL,10,820,NULL,NULL,NULL,NULL),
	(635,NULL,8,10,NULL,NULL,NULL,NULL,NULL,11,820,NULL,NULL,NULL,NULL),
	(636,NULL,8,10,NULL,NULL,NULL,NULL,NULL,121,820,NULL,NULL,NULL,NULL),
	(637,NULL,8,10,NULL,NULL,NULL,NULL,NULL,122,820,NULL,NULL,NULL,NULL),
	(638,NULL,8,10,NULL,NULL,NULL,NULL,NULL,130,820,NULL,NULL,NULL,NULL),
	(639,NULL,8,12,NULL,NULL,NULL,NULL,NULL,266,820,NULL,NULL,NULL,NULL),
	(640,NULL,8,12,NULL,NULL,NULL,NULL,NULL,527,820,NULL,NULL,NULL,NULL),
	(641,NULL,8,12,NULL,NULL,NULL,NULL,NULL,57,820,NULL,NULL,NULL,NULL),
	(642,NULL,8,12,NULL,NULL,NULL,NULL,NULL,57,820,NULL,NULL,NULL,NULL),
	(643,NULL,8,12,NULL,NULL,NULL,NULL,NULL,274,820,NULL,NULL,NULL,NULL),
	(644,NULL,8,12,NULL,NULL,NULL,NULL,NULL,9,820,NULL,NULL,NULL,NULL),
	(645,NULL,8,12,NULL,NULL,NULL,NULL,NULL,10,820,NULL,NULL,NULL,NULL),
	(646,NULL,8,12,NULL,NULL,NULL,NULL,NULL,11,820,NULL,NULL,NULL,NULL),
	(647,NULL,8,12,NULL,NULL,NULL,NULL,NULL,121,820,NULL,NULL,NULL,NULL),
	(648,NULL,8,12,NULL,NULL,NULL,NULL,NULL,122,820,NULL,NULL,NULL,NULL),
	(649,NULL,8,12,NULL,NULL,NULL,NULL,NULL,130,820,NULL,NULL,NULL,NULL),
	(650,NULL,8,9,NULL,NULL,NULL,NULL,NULL,266,820,NULL,NULL,NULL,NULL),
	(651,NULL,8,9,NULL,NULL,NULL,NULL,NULL,527,820,NULL,NULL,NULL,NULL),
	(652,NULL,8,9,NULL,NULL,NULL,NULL,NULL,57,820,NULL,NULL,NULL,NULL),
	(653,NULL,8,9,NULL,NULL,NULL,NULL,NULL,57,820,NULL,NULL,NULL,NULL),
	(654,NULL,8,9,NULL,NULL,NULL,NULL,NULL,274,820,NULL,NULL,NULL,NULL),
	(655,NULL,8,9,NULL,NULL,NULL,NULL,NULL,9,820,NULL,NULL,NULL,NULL),
	(656,NULL,8,9,NULL,NULL,NULL,NULL,NULL,10,820,NULL,NULL,NULL,NULL),
	(657,NULL,8,9,NULL,NULL,NULL,NULL,NULL,11,820,NULL,NULL,NULL,NULL),
	(658,NULL,8,9,NULL,NULL,NULL,NULL,NULL,121,820,NULL,NULL,NULL,NULL),
	(659,NULL,8,9,NULL,NULL,NULL,NULL,NULL,122,820,NULL,NULL,NULL,NULL),
	(660,NULL,8,9,NULL,NULL,NULL,NULL,NULL,130,820,NULL,NULL,NULL,NULL),
	(661,NULL,8,10,NULL,NULL,NULL,NULL,NULL,266,820,NULL,NULL,NULL,NULL),
	(662,NULL,8,10,NULL,NULL,NULL,NULL,NULL,527,820,NULL,NULL,NULL,NULL),
	(663,NULL,8,10,NULL,NULL,NULL,NULL,NULL,57,820,NULL,NULL,NULL,NULL),
	(664,NULL,8,10,NULL,NULL,NULL,NULL,NULL,57,820,NULL,NULL,NULL,NULL),
	(665,NULL,8,10,NULL,NULL,NULL,NULL,NULL,274,820,NULL,NULL,NULL,NULL),
	(666,NULL,8,10,NULL,NULL,NULL,NULL,NULL,9,820,NULL,NULL,NULL,NULL),
	(667,NULL,8,10,NULL,NULL,NULL,NULL,NULL,10,820,NULL,NULL,NULL,NULL),
	(668,NULL,8,10,NULL,NULL,NULL,NULL,NULL,11,820,NULL,NULL,NULL,NULL),
	(669,NULL,8,10,NULL,NULL,NULL,NULL,NULL,121,820,NULL,NULL,NULL,NULL),
	(670,NULL,8,10,NULL,NULL,NULL,NULL,NULL,122,820,NULL,NULL,NULL,NULL),
	(671,NULL,8,10,NULL,NULL,NULL,NULL,NULL,130,820,NULL,NULL,NULL,NULL),
	(672,NULL,8,12,NULL,NULL,NULL,NULL,NULL,266,820,NULL,NULL,NULL,NULL),
	(673,NULL,8,12,NULL,NULL,NULL,NULL,NULL,527,820,NULL,NULL,NULL,NULL),
	(674,NULL,8,12,NULL,NULL,NULL,NULL,NULL,57,820,NULL,NULL,NULL,NULL),
	(675,NULL,8,12,NULL,NULL,NULL,NULL,NULL,57,820,NULL,NULL,NULL,NULL),
	(676,NULL,8,12,NULL,NULL,NULL,NULL,NULL,274,820,NULL,NULL,NULL,NULL),
	(677,NULL,8,12,NULL,NULL,NULL,NULL,NULL,9,820,NULL,NULL,NULL,NULL),
	(678,NULL,8,12,NULL,NULL,NULL,NULL,NULL,10,820,NULL,NULL,NULL,NULL),
	(679,NULL,8,12,NULL,NULL,NULL,NULL,NULL,11,820,NULL,NULL,NULL,NULL),
	(680,NULL,8,12,NULL,NULL,NULL,NULL,NULL,121,820,NULL,NULL,NULL,NULL),
	(681,NULL,8,12,NULL,NULL,NULL,NULL,NULL,122,820,NULL,NULL,NULL,NULL),
	(682,NULL,8,12,NULL,NULL,NULL,NULL,NULL,130,820,NULL,NULL,NULL,NULL),
	(683,NULL,8,9,NULL,NULL,NULL,NULL,NULL,266,820,NULL,NULL,NULL,NULL),
	(684,NULL,8,9,NULL,NULL,NULL,NULL,NULL,527,820,NULL,NULL,NULL,NULL),
	(685,NULL,8,9,NULL,NULL,NULL,NULL,NULL,57,820,NULL,NULL,NULL,NULL),
	(686,NULL,8,9,NULL,NULL,NULL,NULL,NULL,57,820,NULL,NULL,NULL,NULL),
	(687,NULL,8,9,NULL,NULL,NULL,NULL,NULL,274,820,NULL,NULL,NULL,NULL),
	(688,NULL,8,9,NULL,NULL,NULL,NULL,NULL,9,820,NULL,NULL,NULL,NULL),
	(689,NULL,8,9,NULL,NULL,NULL,NULL,NULL,10,820,NULL,NULL,NULL,NULL),
	(690,NULL,8,9,NULL,NULL,NULL,NULL,NULL,11,820,NULL,NULL,NULL,NULL),
	(691,NULL,8,9,NULL,NULL,NULL,NULL,NULL,121,820,NULL,NULL,NULL,NULL),
	(692,NULL,8,9,NULL,NULL,NULL,NULL,NULL,122,820,NULL,NULL,NULL,NULL),
	(693,NULL,8,9,NULL,NULL,NULL,NULL,NULL,130,820,NULL,NULL,NULL,NULL),
	(694,NULL,8,10,NULL,NULL,NULL,NULL,NULL,266,820,NULL,NULL,NULL,NULL),
	(695,NULL,8,10,NULL,NULL,NULL,NULL,NULL,527,820,NULL,NULL,NULL,NULL),
	(696,NULL,8,10,NULL,NULL,NULL,NULL,NULL,57,820,NULL,NULL,NULL,NULL),
	(697,NULL,8,10,NULL,NULL,NULL,NULL,NULL,57,820,NULL,NULL,NULL,NULL),
	(698,NULL,8,10,NULL,NULL,NULL,NULL,NULL,274,820,NULL,NULL,NULL,NULL),
	(699,NULL,8,10,NULL,NULL,NULL,NULL,NULL,9,820,NULL,NULL,NULL,NULL),
	(700,NULL,8,10,NULL,NULL,NULL,NULL,NULL,10,820,NULL,NULL,NULL,NULL),
	(701,NULL,8,10,NULL,NULL,NULL,NULL,NULL,11,820,NULL,NULL,NULL,NULL),
	(702,NULL,8,10,NULL,NULL,NULL,NULL,NULL,121,820,NULL,NULL,NULL,NULL),
	(703,NULL,8,10,NULL,NULL,NULL,NULL,NULL,122,820,NULL,NULL,NULL,NULL),
	(704,NULL,8,10,NULL,NULL,NULL,NULL,NULL,130,820,NULL,NULL,NULL,NULL),
	(705,NULL,8,12,NULL,NULL,NULL,NULL,NULL,266,820,NULL,NULL,NULL,NULL),
	(706,NULL,8,12,NULL,NULL,NULL,NULL,NULL,527,820,NULL,NULL,NULL,NULL),
	(707,NULL,8,12,NULL,NULL,NULL,NULL,NULL,57,820,NULL,NULL,NULL,NULL),
	(708,NULL,8,12,NULL,NULL,NULL,NULL,NULL,57,820,NULL,NULL,NULL,NULL),
	(709,NULL,8,12,NULL,NULL,NULL,NULL,NULL,274,820,NULL,NULL,NULL,NULL),
	(710,NULL,8,12,NULL,NULL,NULL,NULL,NULL,9,820,NULL,NULL,NULL,NULL),
	(711,NULL,8,12,NULL,NULL,NULL,NULL,NULL,10,820,NULL,NULL,NULL,NULL),
	(712,NULL,8,12,NULL,NULL,NULL,NULL,NULL,11,820,NULL,NULL,NULL,NULL),
	(713,NULL,8,12,NULL,NULL,NULL,NULL,NULL,121,820,NULL,NULL,NULL,NULL),
	(714,NULL,8,12,NULL,NULL,NULL,NULL,NULL,122,820,NULL,NULL,NULL,NULL),
	(715,NULL,8,12,NULL,NULL,NULL,NULL,NULL,130,820,NULL,NULL,NULL,NULL),
	(716,NULL,8,1,NULL,NULL,NULL,'2015-06-21 21:59:03',NULL,57,820,NULL,NULL,NULL,NULL),
	(717,NULL,8,1,NULL,NULL,NULL,'2015-06-21 21:59:03',NULL,57,820,NULL,NULL,NULL,NULL),
	(718,NULL,8,1,NULL,NULL,NULL,'2015-06-21 21:59:03',NULL,10,820,NULL,NULL,NULL,NULL),
	(719,NULL,8,1,NULL,NULL,NULL,'2015-06-21 21:59:03',NULL,122,820,NULL,NULL,NULL,NULL),
	(720,NULL,8,2,NULL,NULL,NULL,'2015-06-21 21:59:04',NULL,57,820,NULL,NULL,NULL,NULL),
	(721,NULL,8,2,NULL,NULL,NULL,'2015-06-21 21:59:04',NULL,57,820,NULL,NULL,NULL,NULL),
	(722,NULL,8,2,NULL,NULL,NULL,'2015-06-21 21:59:04',NULL,10,820,NULL,NULL,NULL,NULL),
	(723,NULL,8,2,NULL,NULL,NULL,'2015-06-21 21:59:04',NULL,122,820,NULL,NULL,NULL,NULL),
	(724,NULL,8,3,NULL,NULL,NULL,'2015-06-21 21:59:04',NULL,57,820,NULL,NULL,NULL,NULL),
	(725,NULL,8,3,NULL,NULL,NULL,'2015-06-21 21:59:04',NULL,57,820,NULL,NULL,NULL,NULL),
	(726,NULL,8,3,NULL,NULL,NULL,'2015-06-21 21:59:04',NULL,10,820,NULL,NULL,NULL,NULL),
	(727,NULL,8,3,NULL,NULL,NULL,'2015-06-21 21:59:04',NULL,122,820,NULL,NULL,NULL,NULL),
	(728,NULL,8,4,NULL,NULL,NULL,'2015-06-21 21:59:05',NULL,57,820,NULL,NULL,NULL,NULL),
	(729,NULL,8,4,NULL,NULL,NULL,'2015-06-21 21:59:05',NULL,57,820,NULL,NULL,NULL,NULL),
	(730,NULL,8,4,NULL,NULL,NULL,'2015-06-21 21:59:05',NULL,10,820,NULL,NULL,NULL,NULL),
	(731,NULL,8,4,NULL,NULL,NULL,'2015-06-21 21:59:05',NULL,122,820,NULL,NULL,NULL,NULL),
	(732,NULL,8,5,NULL,NULL,NULL,'2015-06-21 21:59:05',NULL,57,820,NULL,NULL,NULL,NULL),
	(733,NULL,8,5,NULL,NULL,NULL,'2015-06-21 21:59:05',NULL,57,820,NULL,NULL,NULL,NULL),
	(734,NULL,8,5,NULL,NULL,NULL,'2015-06-21 21:59:05',NULL,10,820,NULL,NULL,NULL,NULL),
	(735,NULL,8,5,NULL,NULL,NULL,'2015-06-21 21:59:05',NULL,122,820,NULL,NULL,NULL,NULL),
	(736,NULL,8,6,NULL,NULL,NULL,'2015-06-21 21:59:06',NULL,57,820,NULL,NULL,NULL,NULL),
	(737,NULL,8,6,NULL,NULL,NULL,'2015-06-21 21:59:06',NULL,57,820,NULL,NULL,NULL,NULL),
	(738,NULL,8,6,NULL,NULL,NULL,'2015-06-21 21:59:06',NULL,10,820,NULL,NULL,NULL,NULL),
	(739,NULL,8,6,NULL,NULL,NULL,'2015-06-21 21:59:06',NULL,122,820,NULL,NULL,NULL,NULL),
	(740,NULL,8,8,NULL,NULL,NULL,'2015-06-21 21:59:06',NULL,57,820,NULL,NULL,NULL,NULL),
	(741,NULL,8,8,NULL,NULL,NULL,'2015-06-21 21:59:07',NULL,57,820,NULL,NULL,NULL,NULL),
	(742,NULL,8,8,NULL,NULL,NULL,'2015-06-21 21:59:07',NULL,10,820,NULL,NULL,NULL,NULL),
	(743,NULL,8,8,NULL,NULL,NULL,'2015-06-21 21:59:07',NULL,122,820,NULL,NULL,NULL,NULL),
	(744,NULL,8,9,NULL,NULL,NULL,'2015-06-21 21:59:07',NULL,57,820,NULL,NULL,NULL,NULL),
	(745,NULL,8,9,NULL,NULL,NULL,'2015-06-21 21:59:07',NULL,57,820,NULL,NULL,NULL,NULL),
	(746,NULL,8,9,NULL,NULL,NULL,'2015-06-21 21:59:07',NULL,10,820,NULL,NULL,NULL,NULL),
	(747,NULL,8,9,NULL,NULL,NULL,'2015-06-21 21:59:07',NULL,122,820,NULL,NULL,NULL,NULL),
	(748,NULL,8,10,NULL,NULL,NULL,'2015-06-21 21:59:07',NULL,57,820,NULL,NULL,NULL,NULL),
	(749,NULL,8,10,NULL,NULL,NULL,'2015-06-21 21:59:08',NULL,57,820,NULL,NULL,NULL,NULL),
	(750,NULL,8,10,NULL,NULL,NULL,'2015-06-21 21:59:08',NULL,10,820,NULL,NULL,NULL,NULL),
	(751,NULL,8,10,NULL,NULL,NULL,'2015-06-21 21:59:08',NULL,122,820,NULL,NULL,NULL,NULL),
	(752,NULL,8,11,NULL,NULL,NULL,'2015-06-21 21:59:08',NULL,57,820,NULL,NULL,NULL,NULL),
	(753,NULL,8,11,NULL,NULL,NULL,'2015-06-21 21:59:08',NULL,57,820,NULL,NULL,NULL,NULL),
	(754,NULL,8,11,NULL,NULL,NULL,'2015-06-21 21:59:08',NULL,10,820,NULL,NULL,NULL,NULL),
	(755,NULL,8,11,NULL,NULL,NULL,'2015-06-21 21:59:08',NULL,122,820,NULL,NULL,NULL,NULL),
	(756,NULL,8,12,NULL,NULL,NULL,'2015-06-21 21:59:09',NULL,57,820,NULL,NULL,NULL,NULL),
	(757,NULL,8,12,NULL,NULL,NULL,'2015-06-21 21:59:09',NULL,57,820,NULL,NULL,NULL,NULL),
	(758,NULL,8,12,NULL,NULL,NULL,'2015-06-21 21:59:09',NULL,10,820,NULL,NULL,NULL,NULL),
	(759,NULL,8,12,NULL,NULL,NULL,'2015-06-21 21:59:09',NULL,122,820,NULL,NULL,NULL,NULL),
	(760,NULL,8,13,NULL,NULL,NULL,'2015-06-21 21:59:09',NULL,57,820,NULL,NULL,NULL,NULL),
	(761,NULL,8,13,NULL,NULL,NULL,'2015-06-21 21:59:09',NULL,57,820,NULL,NULL,NULL,NULL),
	(762,NULL,8,13,NULL,NULL,NULL,'2015-06-21 21:59:09',NULL,10,820,NULL,NULL,NULL,NULL),
	(763,NULL,8,13,NULL,NULL,NULL,'2015-06-21 21:59:09',NULL,122,820,NULL,NULL,NULL,NULL),
	(764,NULL,8,14,NULL,NULL,NULL,'2015-06-21 21:59:10',NULL,57,820,NULL,NULL,NULL,NULL),
	(765,NULL,8,14,NULL,NULL,NULL,'2015-06-21 21:59:10',NULL,57,820,NULL,NULL,NULL,NULL),
	(766,NULL,8,14,NULL,NULL,NULL,'2015-06-21 21:59:10',NULL,10,820,NULL,NULL,NULL,NULL),
	(767,NULL,8,14,NULL,NULL,NULL,'2015-06-21 21:59:10',NULL,122,820,NULL,NULL,NULL,NULL),
	(768,NULL,8,15,NULL,NULL,NULL,'2015-06-21 21:59:10',NULL,57,820,NULL,NULL,NULL,NULL),
	(769,NULL,8,15,NULL,NULL,NULL,'2015-06-21 21:59:10',NULL,57,820,NULL,NULL,NULL,NULL),
	(770,NULL,8,15,NULL,NULL,NULL,'2015-06-21 21:59:10',NULL,10,820,NULL,NULL,NULL,NULL),
	(771,NULL,8,15,NULL,NULL,NULL,'2015-06-21 21:59:10',NULL,122,820,NULL,NULL,NULL,NULL),
	(772,NULL,8,16,NULL,NULL,NULL,'2015-06-21 21:59:11',NULL,57,820,NULL,NULL,NULL,NULL),
	(773,NULL,8,16,NULL,NULL,NULL,'2015-06-21 21:59:11',NULL,57,820,NULL,NULL,NULL,NULL),
	(774,NULL,8,16,NULL,NULL,NULL,'2015-06-21 21:59:11',NULL,10,820,NULL,NULL,NULL,NULL),
	(775,NULL,8,16,NULL,NULL,NULL,'2015-06-21 21:59:11',NULL,122,820,NULL,NULL,NULL,NULL),
	(776,NULL,8,17,NULL,NULL,NULL,'2015-06-21 21:59:11',NULL,57,820,NULL,NULL,NULL,NULL),
	(777,NULL,8,17,NULL,NULL,NULL,'2015-06-21 21:59:11',NULL,57,820,NULL,NULL,NULL,NULL),
	(778,NULL,8,17,NULL,NULL,NULL,'2015-06-21 21:59:11',NULL,10,820,NULL,NULL,NULL,NULL),
	(779,NULL,8,17,NULL,NULL,NULL,'2015-06-21 21:59:11',NULL,122,820,NULL,NULL,NULL,NULL);

/*!40000 ALTER TABLE `job_posting` ENABLE KEYS */;
UNLOCK TABLES;


# Dump of table major
# ------------------------------------------------------------

DROP TABLE IF EXISTS `major`;

CREATE TABLE `major` (
  `major_id` int(8) NOT NULL AUTO_INCREMENT,
  `major_category_code` varchar(10) DEFAULT NULL,
  `major_category` varchar(20) DEFAULT NULL,
  `major_sub_category_code` varchar(10) DEFAULT NULL,
  `major_sub_category` varchar(40) DEFAULT NULL,
  `major_code` varchar(10) DEFAULT NULL,
  `major_name` varchar(40) DEFAULT NULL,
  `major_level` varchar(10) DEFAULT NULL,
  `number_of_school` int(11) DEFAULT NULL,
  PRIMARY KEY (`major_id`)
) ENGINE=InnoDB DEFAULT CHARSET=utf8;

LOCK TABLES `major` WRITE;
/*!40000 ALTER TABLE `major` DISABLE KEYS */;

INSERT INTO `major` (`major_id`, `major_category_code`, `major_category`, `major_sub_category_code`, `major_sub_category`, `major_code`, `major_name`, `major_level`, `number_of_school`)
VALUES
	(566,'55','??????','5501','???','550101','??????????','??',NULL),
	(567,'55','??????','5501','???','550103','?????????','??',NULL),
	(568,'55','??????','5501','???','550105','??????','??',NULL),
	(569,'55','??????','5501','???','550107','???????????','??',NULL),
	(570,'55','??????','5501','???','550109','??????','??',NULL),
	(571,'55','??????','5502','???','550202','????????','??',NULL),
	(572,'55','??????','5502','???','550204','???????','??',NULL),
	(573,'55','??????','5502','???','550206','????????','??',NULL),
	(574,'55','??????','5503','?????','550301','????????','??',NULL),
	(575,'55','??????','5503','?????','550303','????????','??',NULL),
	(576,'55','??????','5503','?????','550305','?????????','??',NULL),
	(577,'55','??????','5503','?????','550307','??????','??',NULL),
	(578,'55','??????','5503','?????','550309','??????????????','??',NULL),
	(579,'55','??????','5503','?????','550311','????','??',NULL),
	(580,'55','??????','5501','???','550102','????','??',NULL),
	(581,'55','??????','5501','???','550104','???????????','??',NULL),
	(582,'55','??????','5501','???','550106','?????????','??',NULL),
	(583,'55','??????','5501','???','550108','????????','??',NULL),
	(584,'55','??????','5502','???','550201','?????????','??',NULL),
	(585,'55','??????','5502','???','550203','?????????','??',NULL),
	(586,'55','??????','5502','???','550205','???????','??',NULL),
	(587,'55','??????','5502','???','550207','???????','??',NULL),
	(588,'55','??????','5503','?????','550302','?????????','??',NULL),
	(589,'55','??????','5503','?????','550304','???????','??',NULL),
	(590,'55','??????','5503','?????','550306','?????','??',NULL),
	(591,'55','??????','5503','?????','550308','????????????','??',NULL),
	(592,'55','??????','5503','?????','550310','???????','??',2),
	(593,'55','??????','5503','?????','550312','???????','??',NULL),
	(594,'62','???','6201','?????','620101','??','??',NULL),
	(595,'62','???','6201','?????','620103','???????','??',NULL),
	(596,'62','???','6201','?????','620105','?????','??',NULL),
	(597,'62','???','6201','?????','620107','????','??',NULL),
	(598,'62','???','6201','?????','620109','???????','??',NULL),
	(599,'62','???','6201','?????','620111','?????','??',NULL),
	(600,'62','???','6201','?????','620113','???????','??',NULL),
	(601,'62','???','6202','?????','620201','????','??',NULL),
	(602,'62','???','6202','?????','620203','??','??',NULL),
	(603,'62','???','6202','?????','620205','???????','??',NULL),
	(604,'62','???','6202','?????','620207','????','??',NULL),
	(605,'62','???','6203','?????','620301','????','??',NULL),
	(606,'62','???','6203','?????','620303','???????','??',NULL),
	(607,'62','???','6203','?????','620305','????','??',NULL),
	(608,'62','???','6204','?????','620401','????','??',NULL),
	(609,'62','???','6204','?????','620403','?????','??',NULL),
	(610,'62','???','6204','?????','620405','????','??',NULL),
	(611,'62','???','6205','?????','620501','??????','??',NULL),
	(612,'62','???','6205','?????','620503','????','??',NULL),
	(613,'62','???','6205','?????','620505','????','??',NULL),
	(614,'62','???','6205','?????','620551','????','??',NULL),
	(615,'62','???','6201','?????','620102','??','??',NULL),
	(616,'62','???','6201','?????','620104','????','??',NULL),
	(617,'62','???','6201','?????','620106','????','??',NULL),
	(618,'62','???','6201','?????','620108','??????','??',NULL),
	(619,'62','???','6201','?????','620110','???????','??',NULL),
	(620,'62','???','6201','?????','620112','?????','??',NULL),
	(621,'62','???','6201','?????','620121','???????','??',NULL),
	(622,'62','???','6202','?????','620202','??????','??',NULL),
	(623,'62','???','6202','?????','620204','?????','??',NULL),
	(624,'62','???','6202','?????','620206','?????','??',NULL),
	(625,'62','???','6202','?????','620208','????','??',NULL),
	(626,'62','???','6203','?????','620302','??????','??',NULL),
	(627,'62','???','6203','?????','620304','??????','??',NULL),
	(628,'62','???','6203','?????','620306','???????','??',NULL),
	(629,'62','???','6204','?????','620402','???????','??',NULL),
	(630,'62','???','6204','?????','620404','????','??',NULL),
	(631,'62','???','6204','?????','620406','???????','??',NULL),
	(632,'62','???','6205','?????','620502','??????','??',NULL),
	(633,'62','???','6205','?????','620504','??????','??',NULL),
	(634,'62','???','6205','?????','620506','????????','??',NULL),
	(635,'59','?????','5901','????','590101','???????','??',NULL),
	(636,'59','?????','5901','????','590103','????????','??',NULL),
	(637,'59','?????','5901','????','590105','????????','??',5),
	(638,'59','?????','5901','????','590107','??????','??',NULL),
	(639,'59','?????','5901','????','590109','??????','??',NULL),
	(640,'59','?????','5901','????','590111','??????????','??',NULL),
	(641,'59','?????','5901','????','590114','?????????','??',NULL),
	(642,'59','?????','5901','????','590116','?????????','??',NULL),
	(643,'59','?????','5901','????','590118','??????','??',NULL),
	(644,'59','?????','5902','?????','590201','????????','??',NULL),
	(645,'59','?????','5902','?????','590203','?????????','??',NULL),
	(646,'59','?????','5902','?????','590205','?????????','??',NULL),
	(647,'59','?????','5902','?????','590207','???????','??',NULL),
	(648,'59','?????','5902','?????','590209','??????','??',NULL),
	(649,'59','?????','5902','?????','590211','?????','??',NULL),
	(650,'59','?????','5902','?????','590213','????????','??',NULL),
	(651,'59','?????','5902','?????','590215','??????','??',NULL),
	(652,'59','?????','5902','?????','590217','????','??',NULL),
	(653,'59','?????','5902','?????','590219','????????','??',NULL),
	(654,'59','?????','5902','?????','590223','??????','??',NULL),
	(655,'59','?????','5902','?????','590225','????????','??',NULL),
	(656,'59','?????','5902','?????','590231','?????????','??',NULL),
	(657,'59','?????','5903','???','590302','??????','??',NULL),
	(658,'59','?????','5903','???','590304','??????','??',NULL),
	(659,'59','?????','5903','???','590306','????????','??',NULL),
	(660,'59','?????','5903','???','590308','????','??',NULL),
	(661,'59','?????','5903','???','590310','????','??',NULL),
	(662,'59','?????','5903','???','590351','????','??',NULL),
	(663,'59','?????','5901','????','590102','???????','??',NULL),
	(664,'59','?????','5901','????','590104','???????','??',NULL),
	(665,'59','?????','5901','????','590106','???????','??',NULL),
	(666,'59','?????','5901','????','590108','????','??',NULL),
	(667,'59','?????','5901','????','590110','???????','??',NULL),
	(668,'59','?????','5901','????','590113','????','??',NULL),
	(669,'59','?????','5901','????','590115','??????????','??',NULL),
	(670,'59','?????','5901','????','590117','??????','??',NULL),
	(671,'59','?????','5901','????','590119','???????','??',NULL),
	(672,'59','?????','5902','?????','590202','??????','??',NULL),
	(673,'59','?????','5902','?????','590204','?????????','??',NULL),
	(674,'59','?????','5902','?????','590206','??????','??',NULL),
	(675,'59','?????','5902','?????','590208','??????','??',NULL),
	(676,'59','?????','5902','?????','590210','?????','??',NULL),
	(677,'59','?????','5902','?????','590212','????????','??',NULL),
	(678,'59','?????','5902','?????','590214','?????','??',NULL),
	(679,'59','?????','5902','?????','590216','??????','??',NULL),
	(680,'59','?????','5902','?????','590218','?????','??',NULL),
	(681,'59','?????','5902','?????','590220','?????????','??',NULL),
	(682,'59','?????','5902','?????','590224','???????????','??',NULL),
	(683,'59','?????','5902','?????','590226','???????','??',NULL),
	(684,'59','?????','5903','???','590301','????','??',NULL),
	(685,'59','?????','5903','???','590303','?????','??',NULL),
	(686,'59','?????','5903','???','590305','???????','??',NULL),
	(687,'59','?????','5903','???','590307','??????','??',NULL),
	(688,'59','?????','5903','???','590309','????','??',NULL),
	(689,'59','?????','5903','???','590350','?????????','??',NULL),
	(690,'69','???','6901','?????','690101','????','??',NULL),
	(691,'69','???','6901','?????','690103','????','??',NULL),
	(692,'69','???','6901','?????','690105','???','??',NULL),
	(693,'69','???','6902','?????','690201','????','??',NULL),
	(694,'69','???','6902','?????','690203','????','??',NULL),
	(695,'69','???','6903','?????','690302','??????','??',NULL),
	(696,'69','???','6903','?????','690304','??????','??',NULL),
	(697,'69','???','6903','?????','690306','????????','??',NULL),
	(698,'69','???','6903','?????','690309','??????','??',NULL),
	(699,'69','???','6901','?????','690102','????','??',NULL),
	(700,'69','???','6901','?????','690104','????','??',NULL),
	(701,'69','???','6901','?????','690106','???????????','??',NULL),
	(702,'69','???','6902','?????','690202','????','??',NULL),
	(703,'69','???','6903','?????','690301','??????','??',NULL),
	(704,'69','???','6903','?????','690303','??????','??',NULL),
	(705,'69','???','6903','?????','690305','??????','??',NULL),
	(706,'69','???','6903','?????','690307','???????????','??',NULL),
	(707,'68','???','6801','?????','680101','??','??',NULL),
	(708,'68','???','6801','?????','680104','??','??',NULL),
	(709,'68','???','6801','?????','680106','????','??',NULL),
	(710,'68','???','6801','?????','680108','??????','??',NULL),
	(711,'68','???','6801','?????','680110','????','??',NULL),
	(712,'68','???','6801','?????','680112','????','??',NULL),
	(713,'68','???','6801','?????','680114','??','??',NULL),
	(714,'68','???','6802','?????','680202','????','??',NULL),
	(715,'68','???','6802','?????','680204','??????','??',NULL),
	(716,'68','???','6802','?????','680206','????','??',NULL),
	(717,'68','???','6803','?????','680301','????','??',NULL),
	(718,'68','???','6803','?????','680303','??????','??',NULL),
	(719,'68','???','6803','?????','680305','????','??',NULL),
	(720,'68','???','6804','???????','680402','??????','??',NULL),
	(721,'68','???','6801','?????','680102','??????','??',NULL),
	(722,'68','???','6801','?????','680105','????','??',NULL),
	(723,'68','???','6801','?????','680107','????','??',NULL),
	(724,'68','???','6801','?????','680109','????????','??',NULL),
	(725,'68','???','6801','?????','680111','????','??',NULL),
	(726,'68','???','6801','?????','680113','????','??',NULL),
	(727,'68','???','6802','?????','680201','???????','??',NULL),
	(728,'68','???','6802','?????','680203','??????','??',NULL),
	(729,'68','???','6802','?????','680205','????','??',NULL),
	(730,'68','???','6802','?????','680207','????','??',NULL),
	(731,'68','???','6803','?????','680302','????','??',NULL),
	(732,'68','???','6803','?????','680304','????','??',NULL),
	(733,'68','???','6804','???????','680401','??????','??',NULL),
	(734,'68','???','6804','???????','680403','??????','??',NULL),
	(735,'65','?????','6501','?????','650101','????','??',NULL),
	(736,'65','?????','6501','?????','650103','????????','??',NULL),
	(737,'65','?????','6501','?????','650105','????','??',NULL),
	(738,'65','?????','6501','?????','650107','????','??',NULL),
	(739,'65','?????','6501','?????','650109','???????','??',NULL),
	(740,'65','?????','6502','?????','650201','??????','??',NULL),
	(741,'65','?????','6502','?????','650203','????','??',NULL),
	(742,'65','?????','6502','?????','650205','???????','??',NULL),
	(743,'65','?????','6502','?????','650207','????','??',NULL),
	(744,'65','?????','6502','?????','650209','????','??',NULL),
	(745,'65','?????','6503','?????','650301','????','??',NULL),
	(746,'65','?????','6503','?????','650303','????','??',NULL),
	(747,'65','?????','6503','?????','650305','????????','??',NULL),
	(748,'65','?????','6503','?????','650307','?????????','??',NULL),
	(749,'65','?????','6503','?????','650309','????????','??',NULL),
	(750,'65','?????','6501','?????','650102','???????','??',NULL),
	(751,'65','?????','6501','?????','650104','????????','??',NULL),
	(752,'65','?????','6501','?????','650106','????','??',NULL),
	(753,'65','?????','6501','?????','650108','??????','??',NULL),
	(754,'65','?????','6501','?????','650110','??????','??',NULL),
	(755,'65','?????','6502','?????','650202','????','??',NULL),
	(756,'65','?????','6502','?????','650204','??????','??',NULL),
	(757,'65','?????','6502','?????','650206','??????','??',NULL),
	(758,'65','?????','6502','?????','650208','???????','??',NULL),
	(759,'65','?????','6502','?????','650251','??????????','??',NULL),
	(760,'65','?????','6503','?????','650302','???????','??',NULL),
	(761,'65','?????','6503','?????','650304','????','??',NULL),
	(762,'65','?????','6503','?????','650306','??????','??',NULL),
	(763,'65','?????','6503','?????','650308','????','??',NULL),
	(764,'65','?????','6503','?????','650310','??????','??',NULL),
	(765,'60','??','6001','???','600101','?????????','??',NULL),
	(766,'60','??','6001','???','600103','????????','??',NULL),
	(767,'60','??','6001','???','600105','?????????','??',NULL),
	(768,'60','??','6001','???','600107','???????','??',NULL),
	(769,'60','??','6001','???','600109','??????','??',NULL),
	(770,'60','??','6002','???','600202','??????','??',NULL),
	(771,'60','??','6002','???','600204','????','??',NULL),
	(772,'60','??','6003','???','600302','????','??',NULL),
	(773,'60','??','6003','???','600304','????','??',NULL),
	(774,'60','??','6003','???','600308','????????????','??',NULL),
	(775,'60','??','6001','???','600102','???????','??',NULL),
	(776,'60','??','6001','???','600104','?????????','??',NULL),
	(777,'60','??','6001','???','600106','????????','??',NULL),
	(778,'60','??','6001','???','600108','?????????','??',NULL),
	(779,'60','??','6002','???','600201','??????','??',NULL),
	(780,'60','??','6002','???','600203','??????','??',NULL),
	(781,'60','??','6003','???','600301','?????????','??',NULL),
	(782,'60','??','6003','???','600303','??????','??',NULL),
	(783,'60','??','6003','???','600305','?????????','??',NULL),
	(784,'52','?????','5201','?????','520101','???????','??',NULL),
	(785,'52','?????','5201','?????','520103','????','??',NULL),
	(786,'52','?????','5201','?????','520105','?????????','??',NULL),
	(787,'52','?????','5201','?????','520107','????','??',NULL),
	(788,'52','?????','5201','?????','520109','????????','??',NULL),
	(789,'52','?????','5201','?????','520112','?????????','??',NULL),
	(790,'52','?????','5201','?????','520114','????????','??',NULL),
	(791,'52','?????','5202','?????','520202','???????','??',NULL),
	(792,'52','?????','5202','?????','520204','??????','??',NULL),
	(793,'52','?????','5202','?????','520206','????????','??',NULL),
	(794,'52','?????','5202','?????','520208','??????','??',NULL),
	(795,'52','?????','5203','???????','520302','????????','??',NULL),
	(796,'52','?????','5203','???????','520304','??????????','??',NULL),
	(797,'52','?????','5204','?????','520402','????','??',NULL),
	(798,'52','?????','5204','?????','520404','????','??',NULL),
	(799,'52','?????','5204','?????','520406','??????','??',NULL),
	(800,'52','?????','5204','?????','520408','??????','??',NULL),
	(801,'52','?????','5204','?????','520411','????','??',NULL),
	(802,'52','?????','5205','?????','520502','????','??',NULL),
	(803,'52','?????','5205','?????','520504','????','??',NULL),
	(804,'52','?????','5205','?????','520506','????????','??',NULL),
	(805,'52','?????','5205','?????','520508','????????','??',NULL),
	(806,'52','?????','5205','?????','520510','??????','??',NULL),
	(807,'52','?????','5205','?????','520512','?????????','??',NULL),
	(808,'52','?????','5205','?????','520514','?????','??',NULL),
	(809,'52','?????','5205','?????','520516','????','??',NULL),
	(810,'52','?????','5205','?????','520520','??????????','??',NULL),
	(811,'52','?????','5206','?????','520602','???????????','??',NULL),
	(812,'52','?????','5206','?????','520604','??????','??',NULL),
	(813,'52','?????','5206','?????','520606','???????','??',NULL),
	(814,'52','?????','5207','?????','520701','??????','??',NULL),
	(815,'52','?????','5207','?????','520703','??????','??',NULL),
	(816,'52','?????','5201','?????','520102','??????????','??',NULL),
	(817,'52','?????','5201','?????','520104','??????','??',NULL),
	(818,'52','?????','5201','?????','520106','??????','??',NULL),
	(819,'52','?????','5201','?????','520108','????????','??',NULL),
	(820,'52','?????','5201','?????','520110','?????????','??',NULL),
	(821,'52','?????','5201','?????','520113','??????','??',NULL),
	(822,'52','?????','5202','?????','520201','??????','??',NULL),
	(823,'52','?????','5202','?????','520203','????','??',NULL),
	(824,'52','?????','5202','?????','520205','??????','??',NULL),
	(825,'52','?????','5202','?????','520207','??????','??',NULL),
	(826,'52','?????','5203','???????','520301','????????','??',NULL),
	(827,'52','?????','5203','???????','520303','??????????','??',NULL),
	(828,'52','?????','5204','?????','520401','????','??',NULL),
	(829,'52','?????','5204','?????','520403','????????','??',NULL),
	(830,'52','?????','5204','?????','520405','??????','??',NULL),
	(831,'52','?????','5204','?????','520407','????','??',NULL),
	(832,'52','?????','5204','?????','520409','???????','??',NULL),
	(833,'52','?????','5205','?????','520501','????','??',NULL),
	(834,'52','?????','5205','?????','520503','????','??',NULL),
	(835,'52','?????','5205','?????','520505','????','??',NULL),
	(836,'52','?????','5205','?????','520507','????????','??',NULL),
	(837,'52','?????','5205','?????','520509','??????','??',NULL),
	(838,'52','?????','5205','?????','520511','????????','??',NULL),
	(839,'52','?????','5205','?????','520513','??????','??',NULL),
	(840,'52','?????','5205','?????','520515','????????','??',NULL),
	(841,'52','?????','5205','?????','520517','?????????','??',NULL),
	(842,'52','?????','5206','?????','520601','??????','??',NULL),
	(843,'52','?????','5206','?????','520603','???????','??',NULL),
	(844,'52','?????','5206','?????','520605','???????','??',NULL),
	(845,'52','?????','5206','?????','520607','????????','??',NULL),
	(846,'52','?????','5207','?????','520702','??????','??',NULL),
	(847,'52','?????','5208',NULL,'520801','??????','??',NULL),
	(848,'64','???','6401','?????','640101','????','??',NULL),
	(849,'64','???','6401','?????','640103','??','??',NULL),
	(850,'64','???','6401','?????','640105','???????','??',NULL),
	(851,'64','???','6401','?????','640107','???????','??',NULL),
	(852,'64','???','6401','?????','640151','???????','??',NULL),
	(853,'64','???','6402','????????','640202','???????','??',NULL),
	(854,'64','???','6401','?????','640102','????','??',NULL),
	(855,'64','???','6401','?????','640104','???????','??',NULL),
	(856,'64','???','6401','?????','640106','????','??',NULL),
	(857,'64','???','6401','?????','640108','??????','??',NULL),
	(858,'64','???','6402','????????','640201','???????','??',NULL),
	(859,'64','???','6402','????????','640221','????','??',NULL),
	(860,'51','?????','5101','?????','510101','??????','??',NULL),
	(861,'51','?????','5101','?????','510103','??????','??',NULL),
	(862,'51','?????','5101','?????','510105','????','??',NULL),
	(863,'51','?????','5101','?????','510107','???????','??',NULL),
	(864,'51','?????','5101','?????','510109','????','??',NULL),
	(865,'51','?????','5101','?????','510111','???????','??',NULL),
	(866,'51','?????','5101','?????','510113','?????????','??',NULL),
	(867,'51','?????','5101','?????','510130','????????','??',NULL),
	(868,'51','?????','5102','?????','510201','????','??',NULL),
	(869,'51','?????','5102','?????','510203','??????','??',NULL),
	(870,'51','?????','5102','?????','510205','??????','??',NULL),
	(871,'51','?????','5102','?????','510207','??????','??',NULL),
	(872,'51','?????','5102','?????','510209','??????','??',NULL),
	(873,'51','?????','5102','?????','510211','????','??',NULL),
	(874,'51','?????','5102','?????','510213','????','??',NULL),
	(875,'51','?????','5103','?????','510301','????','??',NULL),
	(876,'51','?????','5103','?????','510303','???????','??',NULL),
	(877,'51','?????','5103','?????','510305','??','??',NULL),
	(878,'51','?????','5103','?????','510307','???????','??',NULL),
	(879,'51','?????','5103','?????','510310','????','??',NULL),
	(880,'51','?????','5103','?????','510351','???????','??',NULL),
	(881,'51','?????','5104','?????','510402','???????','??',NULL),
	(882,'51','?????','5104','?????','510404','??????','??',NULL),
	(883,'51','?????','5105','?????','510502','??????','??',NULL),
	(884,'51','?????','5105','?????','510504','????????','??',NULL),
	(885,'51','?????','5105','?????','510506','???????','??',1),
	(886,'51','?????','5105','?????','510551','???????????','??',NULL),
	(887,'51','?????','5101','?????','510102','???????','??',NULL),
	(888,'51','?????','5101','?????','510104','????','??',NULL),
	(889,'51','?????','5101','?????','510106','????????','??',NULL),
	(890,'51','?????','5101','?????','510108','??????','??',NULL),
	(891,'51','?????','5101','?????','510110','????','??',NULL),
	(892,'51','?????','5101','?????','510112','??','??',NULL),
	(893,'51','?????','5101','?????','510114','?????????','??',NULL),
	(894,'51','?????','5101','?????','510131','????','??',NULL),
	(895,'51','?????','5102','?????','510202','????','??',NULL),
	(896,'51','?????','5102','?????','510204','???????????','??',NULL),
	(897,'51','?????','5102','?????','510206','??????????','??',NULL),
	(898,'51','?????','5102','?????','510208','??????','??',NULL),
	(899,'51','?????','5102','?????','510210','??????','??',NULL),
	(900,'51','?????','5102','?????','510212','??????','??',NULL),
	(901,'51','?????','5102','?????','510251','???????','??',NULL),
	(902,'51','?????','5103','?????','510302','??','??',NULL),
	(903,'51','?????','5103','?????','510304','??????','??',NULL),
	(904,'51','?????','5103','?????','510306','?????','??',NULL),
	(905,'51','?????','5103','?????','510308','???????','??',NULL),
	(906,'51','?????','5103','?????','510350','????','??',NULL),
	(907,'51','?????','5104','?????','510401','??????','??',NULL),
	(908,'51','?????','5104','?????','510403','??????','??',NULL),
	(909,'51','?????','5105','?????','510501','??????','??',NULL),
	(910,'51','?????','5105','?????','510503','??????','??',NULL),
	(911,'51','?????','5105','?????','510505','?????????','??',NULL),
	(912,'51','?????','5105','?????','510507','?????????','??',NULL),
	(913,'61','?????','6101','????','610101','????','??',NULL),
	(914,'61','?????','6101','????','610103','??????','??',NULL),
	(915,'61','?????','6101','????','610105','??????','??',NULL),
	(916,'61','?????','6102','?????','610201','??????','??',NULL),
	(917,'61','?????','6102','?????','610203','????','??',NULL),
	(918,'61','?????','6102','?????','610205','??????','??',NULL),
	(919,'61','?????','6102','?????','610207','????????','??',NULL),
	(920,'61','?????','6102','?????','610209','?????','??',NULL),
	(921,'61','?????','6102','?????','610211','???????','??',NULL),
	(922,'61','?????','6102','?????','610214','?????????','??',NULL),
	(923,'61','?????','6102','?????','610251','???????','??',NULL),
	(924,'61','?????','6103','???','610302','???????','??',NULL),
	(925,'61','?????','6103','???','610304','???????','??',NULL),
	(926,'61','?????','6103','???','610306','???????','??',NULL),
	(927,'61','?????','6103','???','610308','??????','??',NULL),
	(928,'61','?????','6103','???','610311','???????','??',NULL),
	(929,'61','?????','6103','???','610313','????','??',NULL),
	(930,'61','?????','6103','???','610315','????','??',NULL),
	(931,'61','?????','6103','???','610317','???????','??',NULL),
	(932,'61','?????','6103','???','610320','??????','??',NULL),
	(933,'61','?????','6104','?????','610402','????','??',NULL),
	(934,'61','?????','6104','?????','610404','???????','??',NULL),
	(935,'61','?????','6104','?????','610406','??????????','??',NULL),
	(936,'61','?????','6104','?????','610409','???????','??',NULL),
	(937,'61','?????','6104','?????','610411','?????????','??',NULL),
	(938,'61','?????','6101','????','610102','?????????','??',NULL),
	(939,'61','?????','6101','????','610104','??????','??',NULL),
	(940,'61','?????','6101','????','610151','?????????','??',NULL),
	(941,'61','?????','6102','?????','610202','?????????','??',NULL),
	(942,'61','?????','6102','?????','610204','????','??',NULL),
	(943,'61','?????','6102','?????','610206','?????????','??',NULL),
	(944,'61','?????','6102','?????','610208','????????','??',1),
	(945,'61','?????','6102','?????','610210','??????','??',NULL),
	(946,'61','?????','6102','?????','610212','???????','??',NULL),
	(947,'61','?????','6102','?????','610250','??????','??',NULL),
	(948,'61','?????','6103','???','610301','??????','??',NULL),
	(949,'61','?????','6103','???','610303','???????','??',NULL),
	(950,'61','?????','6103','???','610305','??????','??',NULL),
	(951,'61','?????','6103','???','610307','????','??',NULL),
	(952,'61','?????','6103','???','610309','???????','??',NULL),
	(953,'61','?????','6103','???','610312','???????','??',NULL),
	(954,'61','?????','6103','???','610314','?????????','??',NULL),
	(955,'61','?????','6103','???','610316','????','??',NULL),
	(956,'61','?????','6103','???','610318','???????','??',NULL),
	(957,'61','?????','6104','?????','610401','???????','??',NULL),
	(958,'61','?????','6104','?????','610403','????????','??',NULL),
	(959,'61','?????','6104','?????','610405','?????','??',NULL),
	(960,'61','?????','6104','?????','610408','??????','??',NULL),
	(961,'61','?????','6104','?????','610410','??????','??',NULL),
	(962,'53','??????','5301','?????','530101','???????','??',NULL),
	(963,'53','??????','5301','?????','530103','??????','??',NULL),
	(964,'53','??????','5302','?????','530201','??????','??',NULL),
	(965,'53','??????','5302','?????','530203','???????','??',NULL),
	(966,'53','??????','5302','?????','530205','?????????','??',NULL),
	(967,'53','??????','5302','?????','530207','????','??',NULL),
	(968,'53','??????','5302','?????','530209','????????','??',NULL),
	(969,'53','??????','5302','?????','530211','???????','??',NULL),
	(970,'53','??????','5303','?????','530301','??????','??',NULL),
	(971,'53','??????','5303','?????','530303','??????','??',NULL),
	(972,'53','??????','5303','?????','530305','??????','??',NULL),
	(973,'53','??????','5304','???????','530401','????????','??',NULL),
	(974,'53','??????','5304','???????','530403','???????','??',NULL),
	(975,'53','??????','5304','???????','530406','???????','??',NULL),
	(976,'53','??????','5301','?????','530102','??????','??',NULL),
	(977,'53','??????','5301','?????','530104','????????','??',NULL),
	(978,'53','??????','5302','?????','530202','????????','??',NULL),
	(979,'53','??????','5302','?????','530204','??????','??',NULL),
	(980,'53','??????','5302','?????','530206','????????','??',NULL),
	(981,'53','??????','5302','?????','530208','???????','??',NULL),
	(982,'53','??????','5302','?????','530210','??????','??',NULL),
	(983,'53','??????','5302','?????','530221','???????','??',NULL),
	(984,'53','??????','5303','?????','530302','??????','??',NULL),
	(985,'53','??????','5303','?????','530304','??????','??',NULL),
	(986,'53','??????','5303','?????','530306','??????','??',NULL),
	(987,'53','??????','5304','???????','530402','????????','??',NULL),
	(988,'53','??????','5304','???????','530404','????????','??',NULL),
	(989,'57','???','5701','???????','570101','??????','??',NULL),
	(990,'57','???','5701','???????','570103','?????','??',NULL),
	(991,'57','???','5702','????????','570201','????','??',NULL),
	(992,'57','???','5702','????????','570203','????????','??',NULL),
	(993,'57','???','5702','????????','570205','?????????','??',NULL),
	(994,'57','???','5702','????????','570207','????','??',NULL),
	(995,'57','???','5702','????????','570209','????','??',NULL),
	(996,'57','???','5702','????????','570211','??????','??',NULL),
	(997,'57','???','5703','???????','570301','??????????','??',NULL),
	(998,'57','???','5703','???????','570303','?????????','??',NULL),
	(999,'57','???','5704','?????????','570401','????','??',NULL),
	(1000,'57','???','5701','???????','570102','?????????','??',NULL),
	(1001,'57','???','5701','???????','570104','???????','??',NULL),
	(1002,'57','???','5702','????????','570202','????????','??',NULL),
	(1003,'57','???','5702','????????','570204','???????','??',NULL),
	(1004,'57','???','5702','????????','570206','???????','??',NULL),
	(1005,'57','???','5702','????????','570208','????????','??',NULL),
	(1006,'57','???','5702','????????','570210','??????','??',NULL),
	(1007,'57','???','5702','????????','570212','????????','??',NULL),
	(1008,'57','???','5703','???????','570302','?????????','??',NULL),
	(1009,'57','???','5703','???????','570304','????????','??',NULL),
	(1010,'57','???','5704','?????????','570402','????????','??',NULL),
	(1011,'56','???','5601','?????','560101','??????','??',NULL),
	(1012,'56','???','5601','?????','560103','?????????','??',NULL),
	(1013,'56','???','5601','?????','560105','??????','??',NULL),
	(1014,'56','???','5602','????????','560201','????','??',NULL),
	(1015,'56','???','5602','????????','560203','????','??',NULL),
	(1016,'56','???','5603','?????','560302','???????????','??',NULL),
	(1017,'56','???','5604','?????','560401','????????','??',NULL),
	(1018,'56','???','5604','?????','560405','??????????','??',NULL),
	(1019,'56','???','5604','?????','560411','??????','??',NULL),
	(1020,'56','???','5605','?????','560502','????','??',NULL),
	(1021,'56','???','5605','?????','560504','????','??',NULL),
	(1022,'56','???','5605','?????','560506','?????????','??',NULL),
	(1023,'56','???','5606','?????','560601','??????','??',NULL),
	(1024,'56','???','5606','?????','560603','???????','??',NULL),
	(1025,'56','???','5606','?????','560605','??????','??',NULL),
	(1026,'56','???','5607','????','560701','????????','??',NULL),
	(1027,'56','???','5607','????','560703','??????','??',NULL),
	(1028,'56','???','5601','?????','560102','????????','??',NULL),
	(1029,'56','???','5601','?????','560104','??????','??',NULL),
	(1030,'56','???','5601','?????','560106','??????','??',NULL),
	(1031,'56','???','5602','????????','560202','???????','??',NULL),
	(1032,'56','???','5603','?????','560301','??????','??',NULL),
	(1033,'56','???','5603','?????','560303','??????','??',NULL),
	(1034,'56','???','5604','?????','560404','?????????','??',NULL),
	(1035,'56','???','5604','?????','560406','???????????','??',NULL),
	(1036,'56','???','5605','?????','560501','??????','??',NULL),
	(1037,'56','???','5605','?????','560503','??????','??',NULL),
	(1038,'56','???','5605','?????','560505','??????','??',NULL),
	(1039,'56','???','5605','?????','560507','????????','??',NULL),
	(1040,'56','???','5606','?????','560602','????????','??',NULL),
	(1041,'56','???','5606','?????','560604','?????','??',NULL),
	(1042,'56','???','5606','?????','560606','??????','??',NULL),
	(1043,'56','???','5607','????','560702','????','??',NULL),
	(1044,'66','?????','6601','?????','660101','??','??',NULL),
	(1045,'66','?????','6601','?????','660103','????','??',NULL),
	(1046,'66','?????','6601','?????','660105','????','??',NULL),
	(1047,'66','?????','6601','?????','660107','????','??',NULL),
	(1048,'66','?????','6601','?????','660109','????','??',NULL),
	(1049,'66','?????','6601','?????','660111','????','??',NULL),
	(1050,'66','?????','6601','?????','660113','???????','??',NULL),
	(1051,'66','?????','6601','?????','660115','?????????','??',NULL),
	(1052,'66','?????','6601','?????','660119','??????','??',NULL),
	(1053,'66','?????','6601','?????','660122','??????','??',NULL),
	(1054,'66','?????','6601','?????','660131','?????','??',NULL),
	(1055,'66','?????','6602','???','660201','????','??',NULL),
	(1056,'66','?????','6602','???','660203','????','??',NULL),
	(1057,'66','?????','6602','???','660205','????','??',NULL),
	(1058,'66','?????','6602','???','660207','????','??',NULL),
	(1059,'66','?????','6602','???','660209','????','??',NULL),
	(1060,'66','?????','6602','???','660211','????','??',NULL),
	(1061,'66','?????','6602','???','660214','????','??',NULL),
	(1062,'66','?????','6602','???','660216','??????','??',NULL),
	(1063,'66','?????','6602','???','660218','????','??',NULL),
	(1064,'66','?????','6602','???','660219','??????','??',NULL),
	(1065,'66','?????','6602','???','660221','?????','??',NULL),
	(1066,'66','?????','6602','???','660223','????','??',NULL),
	(1067,'66','?????','6602','???','660225','????','??',NULL),
	(1068,'66','?????','6602','???','660227','????','??',NULL),
	(1069,'66','?????','6602','???','660241','??????','??',NULL),
	(1070,'66','?????','6602','???','660243','????','??',NULL),
	(1071,'66','?????','6602','???','660245','???????','??',NULL),
	(1072,'66','?????','6603','???','660302','????','??',NULL),
	(1073,'66','?????','6603','???','660304','????','??',NULL),
	(1074,'66','?????','6601','?????','660102','????','??',NULL),
	(1075,'66','?????','6601','?????','660104','????','??',NULL),
	(1076,'66','?????','6601','?????','660106','????','??',NULL),
	(1077,'66','?????','6601','?????','660108','????','??',NULL),
	(1078,'66','?????','6601','?????','660110','????','??',NULL),
	(1079,'66','?????','6601','?????','660112','??','??',NULL),
	(1080,'66','?????','6601','?????','660114','??????','??',NULL),
	(1081,'66','?????','6601','?????','660116','??????','??',NULL),
	(1082,'66','?????','6601','?????','660120','??????','??',NULL),
	(1083,'66','?????','6601','?????','660130','?????','??',NULL),
	(1084,'66','?????','6601','?????','660132','?????','??',NULL),
	(1085,'66','?????','6602','???','660202','????','??',NULL),
	(1086,'66','?????','6602','???','660204','????','??',NULL),
	(1087,'66','?????','6602','???','660206','????','??',NULL),
	(1088,'66','?????','6602','???','660208','????','??',NULL),
	(1089,'66','?????','6602','???','660210','????','??',2),
	(1090,'66','?????','6602','???','660212','??????','??',NULL),
	(1091,'66','?????','6602','???','660215','????','??',NULL),
	(1092,'66','?????','6602','???','660217','????','??',NULL),
	(1093,'66','?????','6602','???','660219','????','??',NULL),
	(1094,'66','?????','6602','???','660220','??????','??',NULL),
	(1095,'66','?????','6602','???','660222','?????','??',NULL),
	(1096,'66','?????','6602','???','660224','??????????','??',NULL),
	(1097,'66','?????','6602','???','660226','????','??',NULL),
	(1098,'66','?????','6602','???','660240','??','??',NULL),
	(1099,'66','?????','6602','???','660242','????','??',NULL),
	(1100,'66','?????','6602','???','660244','???','??',NULL),
	(1101,'66','?????','6603','???','660301','????','??',NULL),
	(1102,'66','?????','6603','???','660303','????','??',NULL),
	(1103,'66','?????','6603','???','660305','???????','??',NULL),
	(1104,'63','?????','6301','?????','630101','????','??',NULL),
	(1105,'63','?????','6301','?????','630103','???','??',NULL),
	(1106,'63','?????','6301','?????','630105','???','??',NULL),
	(1107,'63','?????','6301','?????','630107','?????','??',NULL),
	(1108,'63','?????','6301','?????','630109','????','??',1),
	(1109,'63','?????','6302','???','630202','??','??',NULL),
	(1110,'63','?????','6303','???','630302','??','??',NULL),
	(1111,'63','?????','6304','?????','630401','??????','??',NULL),
	(1112,'63','?????','6304','?????','630403','??????','??',NULL),
	(1113,'63','?????','6304','?????','630405','??????','??',NULL),
	(1114,'63','?????','6304','?????','630407','????','??',NULL),
	(1115,'63','?????','6304','?????','630409','??????','??',NULL),
	(1116,'63','?????','6304','?????','630411','????????','??',1),
	(1117,'63','?????','6304','?????','630413','??????','??',NULL),
	(1118,'63','?????','6305','?????','630502','??????','??',NULL),
	(1119,'63','?????','6305','?????','630504','????','??',NULL),
	(1120,'63','?????','6301','?????','630102','????','??',NULL),
	(1121,'63','?????','6301','?????','630104','???','??',NULL),
	(1122,'63','?????','6301','?????','630106','???','??',NULL),
	(1123,'63','?????','6301','?????','630108','????','??',NULL),
	(1124,'63','?????','6302','???','630201','??','??',NULL),
	(1125,'63','?????','6303','???','630301','??','??',NULL),
	(1126,'63','?????','6303','???','630303','???','??',NULL),
	(1127,'63','?????','6304','?????','630402','??????','??',NULL),
	(1128,'63','?????','6304','?????','630404','?????','??',NULL),
	(1129,'63','?????','6304','?????','630406','??????','??',NULL),
	(1130,'63','?????','6304','?????','630408','??????','??',1),
	(1131,'63','?????','6304','?????','630410','?????????','??',NULL),
	(1132,'63','?????','6304','?????','630412','??????','??',NULL),
	(1133,'63','?????','6305','?????','630501','????','??',NULL),
	(1134,'63','?????','6305','?????','630503','??????','??',NULL),
	(1135,'67','???????','6701','?????','670101','????','??',NULL),
	(1136,'67','???????','6701','?????','670103','????????','??',NULL),
	(1137,'67','???????','6701','?????','670105','??????','??',NULL),
	(1138,'67','???????','6701','?????','670107','??????','??',NULL),
	(1139,'67','???????','6701','?????','670109','?????????','??',NULL),
	(1140,'67','???????','6701','?????','670111','??????????','??',NULL),
	(1141,'67','???????','6701','?????','670113','????????','??',NULL),
	(1142,'67','???????','6701','?????','670116','?????','??',NULL),
	(1143,'67','???????','6702','?????','670201','????','??',NULL),
	(1144,'67','???????','6702','?????','670203','????','??',NULL),
	(1145,'67','???????','6702','?????','670205','????','??',NULL),
	(1146,'67','???????','6702','?????','670207','??','??',NULL),
	(1147,'67','???????','6702','?????','670211','????','??',NULL),
	(1148,'67','???????','6703','?????','670301','??????','??',NULL),
	(1149,'67','???????','6703','?????','670303','????','??',NULL),
	(1150,'67','???????','6703','?????','670305','????','??',NULL),
	(1151,'67','???????','6703','?????','670307','?????','??',NULL),
	(1152,'67','???????','6703','?????','670309','??????','??',NULL),
	(1153,'67','???????','6703','?????','670311','?????','??',NULL),
	(1154,'67','???????','6703','?????','670313','???????','??',NULL),
	(1155,'67','???????','6703','?????','670331','??','??',NULL),
	(1156,'67','???????','6703','?????','670333','??','??',NULL),
	(1157,'67','???????','6701','?????','670102','??????','??',NULL),
	(1158,'67','???????','6701','?????','670104','??????','??',NULL),
	(1159,'67','???????','6701','?????','670106','??????','??',NULL),
	(1160,'67','???????','6701','?????','670108','??????','??',NULL),
	(1161,'67','???????','6701','?????','670110','?????????','??',NULL),
	(1162,'67','???????','6701','?????','670112','???????','??',NULL),
	(1163,'67','???????','6701','?????','670114','??????','??',NULL),
	(1164,'67','???????','6701','?????','670118','??','??',NULL),
	(1165,'67','???????','6702','?????','670202','????','??',NULL),
	(1166,'67','???????','6702','?????','670204','????','??',NULL),
	(1167,'67','???????','6702','?????','670206','????','??',NULL),
	(1168,'67','???????','6702','?????','670210','??????','??',NULL),
	(1169,'67','???????','6702','?????','670212','????','??',NULL),
	(1170,'67','???????','6703','?????','670302','??????','??',NULL),
	(1171,'67','???????','6703','?????','670304','???????','??',NULL),
	(1172,'67','???????','6703','?????','670306','????','??',NULL),
	(1173,'67','???????','6703','?????','670308','???????','??',NULL),
	(1174,'67','???????','6703','?????','670310','??????','??',NULL),
	(1175,'67','???????','6703','?????','670312','???????','??',NULL),
	(1176,'67','???????','6703','?????','670330','????','??',NULL),
	(1177,'67','???????','6703','?????','670332','????','??',NULL),
	(1178,'58','???','5801','???????','580101','???????','??',NULL),
	(1179,'58','???','5801','???????','580103','????','??',NULL),
	(1180,'58','???','5801','???????','580105','???????','??',NULL),
	(1181,'58','???','5801','???????','580107','?????????','??',NULL),
	(1182,'58','???','5801','???????','580109','????','??',NULL),
	(1183,'58','???','5801','???????','580111','??????','??',NULL),
	(1184,'58','???','5801','???????','580113','????????','??',NULL),
	(1185,'58','???','5801','???????','580115','???????','??',NULL),
	(1186,'58','???','5801','???????','580117','???????','??',NULL),
	(1187,'58','???','5801','???????','580119','???????????','??',NULL),
	(1188,'58','???','5801','???????','580150','????????','??',NULL),
	(1189,'58','???','5802','????','580201','???????','??',NULL),
	(1190,'58','???','5802','????','580203','?????????','??',NULL),
	(1191,'58','???','5802','????','580205','???????','??',NULL),
	(1192,'58','???','5802','????','580207','???????','??',NULL),
	(1193,'58','???','5802','????','580209','???????','??',NULL),
	(1194,'58','???','5803','?????','580301','?????????','??',NULL),
	(1195,'58','???','5803','?????','580303','?????????','??',NULL),
	(1196,'58','???','5803','?????','580305','???????????','??',NULL),
	(1197,'58','???','5803','?????','580307','??????','??',NULL),
	(1198,'58','???','5803','?????','580311','?????????','??',NULL),
	(1199,'58','???','5804','???','580401','?????????','??',NULL),
	(1200,'58','???','5804','???','580403','??????','??',NULL),
	(1201,'58','???','5804','???','580405','?????????','??',NULL),
	(1202,'58','???','5804','???','580407','???????','??',NULL),
	(1203,'58','???','5801','???????','580102','????????','??',NULL),
	(1204,'58','???','5801','???????','580104','?????','??',NULL),
	(1205,'58','???','5801','???????','580106','???????','??',NULL),
	(1206,'58','???','5801','???????','580108','????????','??',NULL),
	(1207,'58','???','5801','???????','580110','??????????','??',NULL),
	(1208,'58','???','5801','???????','580112','?????????','??',NULL),
	(1209,'58','???','5801','???????','580114','??????','??',NULL),
	(1210,'58','???','5801','???????','580116','???????','??',NULL),
	(1211,'58','???','5801','???????','580118','???????????','??',NULL),
	(1212,'58','???','5801','???????','580120','????????','??',NULL),
	(1213,'58','???','5801','???????','580151','???????','??',NULL),
	(1214,'58','???','5802','????','580202','???????','??',NULL),
	(1215,'58','???','5802','????','580204','?????????','??',NULL),
	(1216,'58','???','5802','????','580206','??????','??',NULL),
	(1217,'58','???','5802','????','580208','?????????','??',NULL),
	(1218,'58','???','5802','????','580210','???????','??',NULL),
	(1219,'58','???','5803','?????','580302','?????????','??',NULL),
	(1220,'58','???','5803','?????','580304','?????????','??',NULL),
	(1221,'58','???','5803','?????','580306','??????','??',NULL),
	(1222,'58','???','5803','?????','580309','????','??',NULL),
	(1223,'58','???','5803','?????','580312','?????????','??',NULL),
	(1224,'58','???','5804','???','580402','?????????','??',NULL),
	(1225,'58','???','5804','???','580404','??????','??',NULL),
	(1226,'58','???','5804','???','580406','??????','??',NULL),
	(1227,'58','???','5804','???','580408','????????','??',NULL),
	(1228,'54','????????','5401','?????','540101','??????','??',NULL),
	(1229,'54','????????','5401','?????','540103','?????????','??',NULL),
	(1230,'54','????????','5401','?????','540105','?????????','??',NULL),
	(1231,'54','????????','5401','?????','540107','?????????','??',NULL),
	(1232,'54','????????','5401','?????','540109','?????????','??',NULL),
	(1233,'54','????????','5401','?????','540112','?????????','??',NULL),
	(1234,'54','????????','5402','????????','540202','??????','??',NULL),
	(1235,'54','????????','5402','????????','540204','????','??',NULL),
	(1236,'54','????????','5402','????????','540206','????????','??',NULL),
	(1237,'54','????????','5402','????????','540208','?????????','??',NULL),
	(1238,'54','????????','5402','????????','540251','??????','??',NULL),
	(1239,'54','????????','5403','?????','540302','???????','??',NULL),
	(1240,'54','????????','5403','?????','540304','??????????','??',NULL),
	(1241,'54','????????','5403','?????','540306','????','??',NULL),
	(1242,'54','????????','5403','?????','540308','???????','??',NULL),
	(1243,'54','????????','5403','?????','540310','???????','??',NULL),
	(1244,'54','????????','5404','???????','540401','????','??',NULL),
	(1245,'54','????????','5404','???????','540403','??????','??',NULL),
	(1246,'54','????????','5404','???????','540405','????????','??',NULL),
	(1247,'54','????????','5404','???????','540407','??????','??',1),
	(1248,'54','????????','5405','?????','540501','??????','??',NULL),
	(1249,'54','????????','5405','?????','540503','????','??',NULL),
	(1250,'54','????????','5405','?????','540505','??????','??',NULL),
	(1251,'54','????????','5406','???','540601','??????','??',NULL),
	(1252,'54','????????','5406','???','540603','?????????','??',NULL),
	(1253,'54','????????','5406','???','540605','?????????????','??',NULL),
	(1254,'54','????????','5406','???','540607','????','??',NULL),
	(1255,'54','????????','5406','???','540609','??????','??',NULL),
	(1256,'54','????????','5401','?????','540102','???????????','??',NULL),
	(1257,'54','????????','5401','?????','540104','?????????','??',NULL),
	(1258,'54','????????','5401','?????','540106','???????????','??',NULL),
	(1259,'54','????????','5401','?????','540108','????????????','??',NULL),
	(1260,'54','????????','5401','?????','540110','??????????','??',NULL),
	(1261,'54','????????','5402','????????','540201','????','??',NULL),
	(1262,'54','????????','5402','????????','540203','???????','??',NULL),
	(1263,'54','????????','5402','????????','540205','????????','??',NULL),
	(1264,'54','????????','5402','????????','540207','????????','??',NULL),
	(1265,'54','????????','5402','????????','540210','?????????','??',NULL),
	(1266,'54','????????','5403','?????','540301','??????','??',NULL),
	(1267,'54','????????','5403','?????','540303','????????','??',NULL),
	(1268,'54','????????','5403','?????','540305','???????','??',NULL),
	(1269,'54','????????','5403','?????','540307','????','??',NULL),
	(1270,'54','????????','5403','?????','540309','???????','??',NULL),
	(1271,'54','????????','5403','?????','540311','?????????','??',NULL),
	(1272,'54','????????','5404','???????','540402','??????','??',NULL),
	(1273,'54','????????','5404','???????','540404','???????','??',NULL),
	(1274,'54','????????','5404','???????','540406','????????????','??',NULL),
	(1275,'54','????????','5404','???????','540411','????????','??',NULL),
	(1276,'54','????????','5405','?????','540502','????','??',NULL),
	(1277,'54','????????','5405','?????','540504','????????','??',NULL),
	(1278,'54','????????','5405','?????','540506','??????','??',NULL),
	(1279,'54','????????','5406','???','540602','???????','??',NULL),
	(1280,'54','????????','5406','???','540604','?????','??',NULL),
	(1281,'54','????????','5406','???','540606','?????????????','??',NULL),
	(1282,'54','????????','5406','???','540608','?????????','??',NULL),
	(2001,'01','??','0101','???','010101','??','??',NULL),
	(2002,'01','??','0101','???','010102','???','??',NULL),
	(2003,'01','??','0101','???','010103K','???','??',NULL),
	(2004,'02','???','0201','????','020101','???','??',NULL),
	(2005,'02','???','0201','????','020102','?????','??',NULL),
	(2006,'02','???','0202','????','020201K','???','??',NULL),
	(2007,'02','???','0202','????','020202','???','??',NULL),
	(2008,'02','???','0203','????','020301K','???','??',NULL),
	(2009,'02','???','0203','????','020302','????','??',NULL),
	(2010,'02','???','0203','????','020303','???','??',NULL),
	(2011,'02','???','0203','????','020304','???','??',NULL),
	(2012,'02','???','0204','??????','020401','???????','??',NULL),
	(2013,'02','???','0204','??????','020402','????','??',NULL),
	(2014,'03','??','0301','??','030101K','??','??',NULL),
	(2015,'03','??','0302','????','030201','???????','??',NULL),
	(2016,'03','??','0302','????','030202','????','??',NULL),
	(2017,'03','??','0302','????','030203','???','??',NULL),
	(2018,'03','??','0303','????','030301','???','??',NULL),
	(2019,'03','??','0303','????','030302','????','??',NULL),
	(2020,'03','??','0304','????','030401','???','??',NULL),
	(2021,'03','??','0305','????????','030501','??????','??',NULL),
	(2022,'03','??','0305','????????','030502','???????','??',NULL),
	(2023,'03','??','0305','????????','030503','??????','??',NULL),
	(2024,'03','??','0306','????','030601K','???','??',NULL),
	(2025,'03','??','0306','????','030602K','???','??',NULL),
	(2026,'03','??','0306','????','030603K','????','??',NULL),
	(2027,'04','???','0401','????','040101','???','??',NULL),
	(2028,'04','???','0401','????','040102','????','??',NULL),
	(2029,'04','???','0401','????','040103','????','??',NULL),
	(2030,'04','???','0401','????','040104','?????(?????????????????)','??',NULL),
	(2031,'04','???','0401','????','040105','????(???????????????)','??',NULL),
	(2032,'04','???','0401','????','040106','????','??',NULL),
	(2033,'04','???','0401','????','040107','????','??',NULL),
	(2034,'04','???','0401','????','040108','????','??',NULL),
	(2035,'04','???','0402','????','040201','????','??',NULL),
	(2036,'04','???','0402','????','040202K','????','??',NULL),
	(2037,'04','???','0402','????','040203','?????????','??',NULL),
	(2038,'04','???','0402','????','040204K','?????????','??',NULL),
	(2039,'04','???','0402','????','040205','??????','??',1),
	(2040,'05','??','0501','???????','050101','?????','??',NULL),
	(2041,'05','??','0501','???????','050102','???','??',NULL),
	(2042,'05','??','0501','???????','050103','??????','??',NULL),
	(2043,'05','??','0501','???????','050104','??????????','??',NULL),
	(2044,'05','??','0501','???????','050105','?????','??',NULL),
	(2045,'05','??','0502','???????','050201','??','??',NULL),
	(2046,'05','??','0502','???????','050202','??','??',NULL),
	(2047,'05','??','0502','???????','050203','??','??',NULL),
	(2048,'05','??','0502','???????','050204','??','??',NULL),
	(2049,'05','??','0502','???????','050205','????','??',NULL),
	(2050,'05','??','0502','???????','050206','????','??',NULL),
	(2051,'05','??','0502','???????','050207','??','??',NULL),
	(2052,'05','??','0502','???????','050208','???','??',NULL),
	(2053,'05','??','0502','???????','050209','???','??',NULL),
	(2054,'05','??','0502','???????','050210','????','??',NULL),
	(2055,'05','??','0502','???????','050211','?????','??',NULL),
	(2056,'05','??','0502','???????','050212','??????','??',NULL),
	(2057,'05','??','0502','???????','050213','???','??',NULL),
	(2058,'05','??','0502','???????','050214','????','??',NULL),
	(2059,'05','??','0502','???????','050215','???','??',NULL),
	(2060,'05','??','0502','???????','050216','???','??',NULL),
	(2061,'05','??','0502','???????','050217','???','??',NULL),
	(2062,'05','??','0502','???????','050218','???','??',NULL),
	(2063,'05','??','0502','???????','050219','????','??',NULL),
	(2064,'05','??','0502','???????','050220','??','??',NULL),
	(2065,'05','??','0502','???????','050221','????','??',NULL),
	(2066,'05','??','0502','???????','050222','????','??',NULL),
	(2067,'05','??','0502','???????','050223','???','??',NULL),
	(2068,'05','??','0502','???????','050224','???','??',NULL),
	(2069,'05','??','0502','???????','050225','?????','??',NULL),
	(2070,'05','??','0502','???????','050226','??????','??',NULL),
	(2071,'05','??','0502','???????','050227','?????','??',NULL),
	(2072,'05','??','0502','???????','050228','???','??',NULL),
	(2073,'05','??','0502','???????','050229','???','??',NULL),
	(2074,'05','??','0502','???????','050230','?????','??',NULL),
	(2075,'05','??','0502','???????','050231','?????','??',NULL),
	(2076,'05','??','0502','???????','050232','????','??',NULL),
	(2077,'05','??','0502','???????','050233','???','??',NULL),
	(2078,'05','??','0502','???????','050234','?????','??',NULL),
	(2079,'05','??','0502','???????','050235','????','??',NULL),
	(2080,'05','??','0502','???????','050236','???','??',NULL),
	(2081,'05','??','0502','???????','050237','????','??',NULL),
	(2082,'05','??','0502','???????','050238','????','??',NULL),
	(2083,'05','??','0502','???????','050239','????','??',NULL),
	(2084,'05','??','0502','???????','050240','????','??',NULL),
	(2085,'05','??','0502','???????','050241','???','??',NULL),
	(2086,'05','??','0502','???????','050242','????','??',NULL),
	(2087,'05','??','0502','???????','050243','????','??',NULL),
	(2088,'05','??','0502','???????','050244','?????','??',NULL),
	(2089,'05','??','0502','???????','050245','???','??',NULL),
	(2090,'05','??','0502','???????','050246','???','??',NULL),
	(2091,'05','??','0502','???????','050247','????','??',NULL),
	(2092,'05','??','0502','???????','050248','???','??',NULL),
	(2093,'05','??','0502','???????','050249','???','??',NULL),
	(2094,'05','??','0502','???????','050250','???','??',NULL),
	(2095,'05','??','0502','???????','050251','????','??',NULL),
	(2096,'05','??','0502','???????','050252','?????','??',NULL),
	(2097,'05','??','0502','???????','050253','????','??',NULL),
	(2098,'05','??','0502','???????','050254','??????','??',NULL),
	(2099,'05','??','0502','???????','050255','?????','??',NULL),
	(2100,'05','??','0502','???????','050256','????','??',NULL),
	(2101,'05','??','0502','???????','050257','????','??',NULL),
	(2102,'05','??','0502','???????','050258','?????','??',NULL),
	(2103,'05','??','0502','???????','050259','???','??',NULL),
	(2104,'05','??','0502','???????','050260','???','??',NULL),
	(2105,'05','??','0502','???????','050261','??','??',NULL),
	(2106,'05','??','0502','???????','050262','????','??',NULL),
	(2107,'05','??','0503','??????','050301','???','??',NULL),
	(2108,'05','??','0503','??????','050302','?????','??',NULL),
	(2109,'05','??','0503','??????','050303','???','??',NULL),
	(2110,'05','??','0503','??????','050304','???','??',NULL),
	(2111,'05','??','0503','??????','050305','?????','??',NULL),
	(2112,'06','???','0601','????','060101','???','??',NULL),
	(2113,'06','???','0601','????','060102','???','??',NULL),
	(2114,'06','???','0601','????','060103','???','??',NULL),
	(2115,'06','???','0601','????','060104','???????','??',NULL),
	(2116,'07','??','0701','???','070101','???????','??',NULL),
	(2117,'07','??','0701','???','070102','???????','??',NULL),
	(2118,'07','??','0702','????','070201','???','??',NULL),
	(2119,'07','??','0702','????','070202','?????','??',NULL),
	(2120,'07','??','0702','????','070203','???','??',NULL),
	(2121,'07','??','0703','???','070301','??','??',NULL),
	(2122,'07','??','0703',' ???','070301','??','??',NULL),
	(2123,'07','??','0703','???','070302','????(?????????????)','??',NULL),
	(2124,'07','??','0703',' ???','070302','????(?????????????)','??',NULL),
	(2125,'07','??','0704','????','070401','???','??',NULL),
	(2126,'07','??','0705','?????','070501','????','??',NULL),
	(2127,'07','??','0705','?????','070502','?????????(??????????????)','??',NULL),
	(2128,'07','??','0705','?????','070503','?????????(??????????????)','??',NULL),
	(2129,'07','??','0705','?????','070504','??????','??',NULL),
	(2130,'07','??','0706','?????','070601','????','??',NULL),
	(2131,'07','??','0706','?????','070602','?????','??',NULL),
	(2132,'07','??','0707','?????','070701','????','??',NULL),
	(2133,'07','??','0707','?????','070702','????(?????????????)','??',NULL),
	(2134,'07','??','0708','??????','070801','?????','??',NULL),
	(2135,'07','??','0708','??????','070802','???????(?????????????)','??',NULL),
	(2136,'07','??','0709','????','070901','???','??',NULL),
	(2137,'07','??','0709','????','070902','????','??',NULL),
	(2138,'07','??','0710','?????','071001','????','??',NULL),
	(2139,'07','??','0710','?????','071002','????(?????????????)','??',NULL),
	(2140,'07','??','0710','?????','071003','?????(?????????????)','??',NULL),
	(2141,'07','??','0710','?????','071004','???','??',NULL),
	(2142,'07','??','0711','????','071101','???(??????????????)','??',NULL),
	(2143,'07','??','0711','????','071102','?????(??????????????)','??',NULL),
	(2144,'07','??','0712','????','071201','???','??',NULL),
	(2145,'07','??','0712','????','071202','?????','??',NULL),
	(2146,'08','??','0801','???','080101','???????(?????????????)','??',NULL),
	(2147,'08','??','0801','???','080102','????','??',NULL),
	(2148,'08','??','0802','???','080201','????','??',NULL),
	(2149,'08','??','0802','???','080202','???????????','??',NULL),
	(2150,'08','??','0802','???','080203','?????????','??',NULL),
	(2151,'08','??','0802','???','080204','??????','??',NULL),
	(2152,'08','??','0802','???','080205','????','??',NULL),
	(2153,'08','??','0802','???','080206','?????????','??',NULL),
	(2154,'08','??','0802','???','080207','????','??',NULL),
	(2155,'08','??','0802','???','080208','??????','??',NULL),
	(2156,'08','??','0803','???','080301','???????','??',NULL),
	(2157,'08','??','0804','???','080401','???????','??',NULL),
	(2158,'08','??','0804','???','080402','????(?????????????)','??',NULL),
	(2159,'08','??','0804','???','080403','????(?????????????)','??',NULL),
	(2160,'08','??','0804','???','080404','????','??',NULL),
	(2161,'08','??','0804','???','080405','??????','??',NULL),
	(2162,'08','??','0804','???','080406','?????????','??',NULL),
	(2163,'08','??','0804','???','080407','????????','??',NULL),
	(2164,'08','??','0804','???','080408','???????','??',NULL),
	(2165,'08','??','0805','?????','080501','???????','??',NULL),
	(2166,'08','??','0806','???','080601','?????????','??',NULL),
	(2167,'08','??','0807','?????','080701','??????(?????????????)','??',NULL),
	(2168,'08','??','0807','?????','080702','???????(?????????????)','??',NULL),
	(2169,'08','??','0807','?????','080703','????','??',NULL),
	(2170,'08','??','0807','?????','080704','????????(?????????????)','??',NULL),
	(2171,'08','??','0807','?????','080705','?????????(?????????????)','??',NULL),
	(2172,'08','??','0807','?????','080706','????','??',NULL),
	(2173,'08','??','0808','????','080801','???','??',NULL),
	(2174,'08','??','0809','????','080901','????????(?????????????)','??',NULL),
	(2175,'08','??','0809','????','080902','????','??',NULL),
	(2176,'08','??','0809','????','080903','????','??',NULL),
	(2177,'08','??','0809','????','080904K','????(?????????????????)','??',NULL),
	(2178,'08','??','0809','????','080905','?????','??',NULL),
	(2179,'08','??','0809','????','080906','??????','??',NULL),
	(2180,'08','??','0810','???','081001','????','??',NULL),
	(2181,'08','??','0810','???','081002','???????????','??',NULL),
	(2182,'08','??','0810','???','081003','????????','??',NULL),
	(2183,'08','??','0810','???','081004','????????','??',NULL),
	(2184,'08','??','0811','???','081101','??????','??',NULL),
	(2185,'08','??','0811','???','081102','????????','??',NULL),
	(2186,'08','??','0811','???','081103','?????????','??',NULL),
	(2187,'08','??','0812','???','081201','????','??',NULL),
	(2188,'08','??','0812','???','081202','???????','??',NULL),
	(2189,'08','??','0813','??????','081301','???????','??',NULL),
	(2190,'08','??','0813','??????','081302','????','??',NULL),
	(2191,'08','??','0814','???','081401','????','??',NULL),
	(2192,'08','??','0814','???','081402','???????','??',NULL),
	(2193,'08','??','0814','???','081403','??????','??',NULL),
	(2194,'08','??','0815','???','081501','????','??',1),
	(2195,'08','??','0815','???','081502','????','??',NULL),
	(2196,'08','??','0815','???','081503','??????','??',NULL),
	(2197,'08','??','0815','???','081504','??????','??',NULL),
	(2198,'08','??','0816','???','081601','????','??',NULL),
	(2199,'08','??','0816','???','081602','???????(??????????????)','??',NULL),
	(2200,'08','??','0817','???','081701','????','??',NULL),
	(2201,'08','??','0817','???','081702','????','??',NULL),
	(2202,'08','??','0817','???','081703','????','??',NULL),
	(2203,'08','??','0818','?????','081801','????','??',NULL),
	(2204,'08','??','0818','?????','081802','????','??',NULL),
	(2205,'08','??','0818','?????','081803K','????','??',NULL),
	(2206,'08','??','0818','?????','081804K','????','??',NULL),
	(2207,'08','??','0818','?????','081805K','????','??',NULL),
	(2208,'08','??','0819','?????','081901','???????','??',NULL),
	(2209,'08','??','0820','?????','082001','??????','??',NULL),
	(2210,'08','??','0820','?????','082002','????????','??',NULL),
	(2211,'08','??','0820','?????','082003','???????','??',NULL),
	(2212,'08','??','0820','?????','082004','???????','??',NULL),
	(2213,'08','??','0820','?????','082005','????????????','??',NULL),
	(2214,'08','??','0821','???','082101','???????','??',NULL),
	(2215,'08','??','0821','???','082102','??????','??',NULL),
	(2216,'08','??','0821','???','082103','?????????','??',NULL),
	(2217,'08','??','0821','???','082104','?????????','??',NULL),
	(2218,'08','??','0821','???','082105','?????????','??',NULL),
	(2219,'08','??','0821','???','082106','??????','??',NULL),
	(2220,'08','??','0821','???','082107','??????','??',NULL),
	(2221,'08','??','0822','????','082201','???????','??',NULL),
	(2222,'08','??','0822','????','082202','????????','??',NULL),
	(2223,'08','??','0822','????','082203','????','??',NULL),
	(2224,'08','??','0822','????','082204','?????????','??',NULL),
	(2225,'08','??','0823','?????','082301','????','??',1),
	(2226,'08','??','0823','?????','082302','??????????','??',NULL),
	(2227,'08','??','0823','?????','082303','?????','??',NULL),
	(2228,'08','??','0823','?????','082304','???????????','??',NULL),
	(2229,'08','??','0823','?????','082305','??????','??',NULL),
	(2230,'08','??','0824','?????','082401','????','??',NULL),
	(2231,'08','??','0824','?????','082402','???????','??',NULL),
	(2232,'08','??','0824','?????','082403','????','??',NULL),
	(2233,'08','??','0825','????????','082501','???????','??',NULL),
	(2234,'08','??','0825','????????','082502','????','??',NULL),
	(2235,'08','??','0825','????????','082503','????(?????????????)','??',NULL),
	(2236,'08','??','0825','????????','082504','??????','??',NULL),
	(2237,'08','??','0826','???????','082601','??????(?????????????)','??',NULL),
	(2238,'08','??','0827','????????','082701','???????(?????????????)','??',NULL),
	(2239,'08','??','0827','????????','082702','???????','??',NULL),
	(2240,'08','??','0827','????????','082703','????','??',NULL),
	(2241,'08','??','0827','????????','082704','????','??',NULL),
	(2242,'08','??','0827','????????','082705','????','??',NULL),
	(2243,'08','??','0828','???','082801','???','??',NULL),
	(2244,'08','??','0828','???','082802','????','??',NULL),
	(2245,'08','??','0828','???','082803','????(??????????????)','??',NULL),
	(2246,'08','??','0829','????????','082901','????','??',NULL),
	(2247,'08','??','0830','?????','083001','????','??',NULL),
	(2248,'08','??','0831','?????','083101K','??????','??',NULL),
	(2249,'08','??','0831','?????','083102K','????','??',NULL),
	(2250,'09','??','0901','?????','090101','??','??',NULL),
	(2251,'09','??','0901','?????','090102','??','??',NULL),
	(2252,'09','??','0901','?????','090103','????','??',NULL),
	(2253,'09','??','0901','?????','090104','???????','??',NULL),
	(2254,'09','??','0901','?????','090105','???????','??',NULL),
	(2255,'09','??','0901','?????','090106','?????????(?????????????)','??',NULL),
	(2256,'09','??','0902','??????????','090201','???????','??',NULL),
	(2257,'09','??','0902','??????????','090202','????????????','??',NULL),
	(2258,'09','??','0902','??????????','090203','??????????','??',NULL),
	(2259,'09','??','0903','?????','090301','????','??',NULL),
	(2260,'09','??','0904','?????','090401','????','??',NULL),
	(2261,'09','??','0904','?????','090402','????','??',NULL),
	(2262,'09','??','0905','???','090501','??','??',NULL),
	(2263,'09','??','0905','???','090502','??','??',NULL),
	(2264,'09','??','0905','???','090503','????','??',NULL),
	(2265,'09','??','0906','???','090601','?????','??',NULL),
	(2266,'09','??','0906','???','090602','?????????','??',NULL),
	(2267,'09','??','0907','???','090701','????','??',NULL),
	(2268,'10','??','1001','?????','100101K','????','??',NULL),
	(2269,'10','??','1002','?????','100201K','????','??',NULL),
	(2270,'10','??','1003','?????','100301K','????','??',NULL),
	(2271,'10','??','1004','??????????','100401K','????','??',NULL),
	(2272,'10','??','1004','??????????','100402','????????(??????????)','??',NULL),
	(2273,'10','??','1005','????','100501K','???','??',2),
	(2274,'10','??','1005','????','100502K','?????','??',NULL),
	(2275,'10','??','1005','????','100503K','???','??',NULL),
	(2276,'10','??','1005','????','100504K','???','??',NULL),
	(2277,'10','??','1005','????','100505K','???','??',NULL),
	(2278,'10','??','1005','????','100506K','???','??',NULL),
	(2279,'10','??','1005','????','100507K','???','??',NULL),
	(2280,'10','??','1006','??????','100601K','???????','??',NULL),
	(2281,'10','??','1007','???','100701','??(??????????)','??',NULL),
	(2282,'10','??','1007','???','100702','????(??????????)','??',NULL),
	(2283,'10','??','1008','????','100801','???(??????????)','??',NULL),
	(2284,'10','??','1008','????','100802','???????(??????????)','??',NULL),
	(2285,'10','??','1009','????','100901K','???','??',NULL),
	(2286,'10','??','1010','?????','101001','??????(??????????)','??',NULL),
	(2287,'10','??','1010','?????','101002','??????(??????????)','??',NULL),
	(2288,'10','??','1010','?????','101003','??????(??????????)','??',NULL),
	(2289,'10','??','1010','?????','101004','????(??????????)','??',NULL),
	(2290,'10','??','1010','?????','101005','?????(??????????)','??',NULL),
	(2291,'10','??','1010','?????','101006','??????(??????????)','??',NULL),
	(2292,'10','??','1010','?????','101007','???????(??????????)','??',NULL),
	(2293,'10','??','1011','????','101101','???(??????????)','??',NULL),
	(2294,'12','???','1201','????????','120101','????(??????????????)','??',NULL),
	(2295,'12','???','1201','????????','120102','?????????(??????????????)','??',NULL),
	(2296,'12','???','1201','????????','120103','????(??????????????)','??',NULL),
	(2297,'12','???','1201','????????','120104','????????','??',NULL),
	(2298,'12','???','1201','????????','120105','????(??????????????)','??',NULL),
	(2299,'12','???','1202','?????','120201K','????','??',NULL),
	(2300,'12','???','1202','?????','120202','????','??',NULL),
	(2301,'12','???','1202','?????','120203K','???','??',NULL),
	(2302,'12','???','1202','?????','120204','????','??',NULL),
	(2303,'12','???','1202','?????','120205','????','??',NULL),
	(2304,'12','???','1202','?????','120206','??????','??',NULL),
	(2305,'12','???','1202','?????','120207','???','??',NULL),
	(2306,'12','???','1202','?????','120208','????','??',NULL),
	(2307,'12','???','1202','?????','120209','????','??',NULL),
	(2308,'12','???','1202','?????','120210','??????(???????????????)','??',NULL),
	(2309,'12','???','1203','???????','120301','??????','??',NULL),
	(2310,'12','???','1203','???????','120302','??????(??????????????)','??',NULL),
	(2311,'12','???','1204','?????','120401','??????','??',NULL),
	(2312,'12','???','1204','?????','120402','????','??',NULL),
	(2313,'12','???','1204','?????','120403','???????','??',NULL),
	(2314,'12','???','1204','?????','120404','??????(??????????????)','??',NULL),
	(2315,'12','???','1204','?????','120405','????','??',NULL),
	(2316,'12','???','1205','??????????','120501','????','??',NULL),
	(2317,'12','???','1205','??????????','120502','???','??',NULL),
	(2318,'12','???','1205','??????????','120503','??????','??',NULL),
	(2319,'12','???','1206','????????','120601','????','??',NULL),
	(2320,'12','???','1206','????????','120602','????(??????????????)','??',NULL),
	(2321,'12','???','1207','?????','120701','????(??????????????)','??',NULL),
	(2322,'12','???','1208','?????','120801','????(??????????????????)','??',NULL),
	(2323,'12','???','1209','?????','120901K','????','??',NULL),
	(2324,'12','???','1209','?????','120902','????','??',NULL),
	(2325,'12','???','1209','?????','120903','???????','??',NULL),
	(2326,'13','???','1301','??????','130101','????','??',NULL),
	(2327,'13','???','1302','???????','130201','????','??',NULL),
	(2328,'13','???','1302','???????','130202','???','??',NULL),
	(2329,'13','???','1302','???????','130203','?????????','??',NULL),
	(2330,'13','???','1302','???????','130204','????','??',NULL),
	(2331,'13','???','1302','???????','130205','???','??',NULL),
	(2332,'13','???','1302','???????','130206','????','??',NULL),
	(2333,'13','???','1303','???????','130301','??','??',NULL),
	(2334,'13','???','1303','???????','130302','???','??',NULL),
	(2335,'13','???','1303','???????','130303','???','??',NULL),
	(2336,'13','???','1303','???????','130304','??????','??',NULL),
	(2337,'13','???','1303','???????','130305','??????','??',NULL),
	(2338,'13','???','1303','???????','130306','??????','??',NULL),
	(2339,'13','???','1303','???????','130307','????????','??',NULL),
	(2340,'13','???','1303','???????','130308','????','??',NULL),
	(2341,'13','???','1303','???????','130309','???????','??',NULL),
	(2342,'13','???','1303','???????','130310','??','??',NULL),
	(2343,'13','???','1304','????','130401','???','??',NULL),
	(2344,'13','???','1304','????','130402','??','??',NULL),
	(2345,'13','???','1304','????','130403','??','??',NULL),
	(2346,'13','???','1304','????','130404','??','??',NULL),
	(2347,'13','???','1305','????','130501','?????','??',NULL),
	(2348,'13','???','1305','????','130502','??????','??',NULL),
	(2349,'13','???','1305','????','130503','????','??',NULL),
	(2350,'13','???','1305','????','130504','????','??',NULL),
	(2351,'13','???','1305','????','130505','???????','??',NULL),
	(2352,'13','???','1305','????','130506','????','??',NULL),
	(2353,'13','???','1305','????','130507','????','??',NULL),
	(2354,'13','???','1305','????','130508','??????','??',NULL),
	(2355,'01','??','0101','???','010104T','???','??',NULL),
	(2356,'02','???','0201','????','020103T','??????','??',NULL),
	(2357,'02','???','0201','????','020104T','????????','??',NULL),
	(2358,'02','???','0201','????','020105T','?????','??',NULL),
	(2359,'02','???','0201','????','020106T','????','??',NULL),
	(2360,'02','???','0203','????','020305T','????','??',NULL),
	(2361,'02','???','0203','????','020306T','????(???????????????)','??',NULL),
	(2362,'02','???','0203','????','020307T','?????','??',NULL),
	(2363,'03','??','0301','???','030102T','????','??',NULL),
	(2364,'03','??','0301','???','030103T','???','??',NULL),
	(2365,'03','??','0302','????','030204T','?????????','??',NULL),
	(2366,'03','??','0302','????','030205T','??????????','??',NULL),
	(2367,'03','??','0303','????','030303T','???','??',NULL),
	(2368,'03','??','0303','????','030304T','???','??',NULL),
	(2369,'03','??','0303','????','030305T','???','??',NULL),
	(2370,'03','??','0306','????','030604TK','???','??',NULL),
	(2371,'03','??','0306','????','030605TK','????','??',NULL),
	(2372,'03','??','0306','????','030606TK','??????','??',NULL),
	(2373,'03','??','0306','????','030607TK','????','??',NULL),
	(2374,'03','??','0306','????','030608TK','????','??',NULL),
	(2375,'03','??','0306','????','030609TK','???','??',NULL),
	(2376,'03','??','0306','????','030610TK','?????','??',NULL),
	(2377,'03','??','0306','????','030611TK','???','??',NULL),
	(2378,'03','??','0306','????','030612TK','?????','??',NULL),
	(2379,'03','??','0306','????','030613TK','????','??',NULL),
	(2380,'03','??','0306','????','030614TK','??????','??',NULL),
	(2381,'03','??','0306','????','030615TK','???????','??',NULL),
	(2382,'04','???','0401','????','040109T','????','??',NULL),
	(2383,'04','???','0402','????','040206T','????(??????????????)','??',NULL),
	(2384,'04','???','0402','????','040207T','????','??',NULL),
	(2385,'05','??','0501','???????','050106T','?????','??',NULL),
	(2386,'05','??','0501','???????','050107T','???','??',NULL),
	(2387,'05','??','0503','??????','050306T','??????','??',NULL),
	(2388,'05','??','0503','??????','050307T','????','??',NULL),
	(2389,'06','???','0601','????','060105T','??????','??',NULL),
	(2390,'06','???','0601','????','060106T','?????????(??????????????)','??',NULL),
	(2391,'07','??','0701','???','070103T','??????','??',NULL),
	(2392,'07','??','0702','????','070204T','??','??',NULL),
	(2393,'07','??','0703','???','070303T','?????','??',NULL),
	(2394,'07','??','0703',' ???','070303T','?????','??',NULL),
	(2395,'07','??','0703','???','070304T','???????','??',NULL),
	(2396,'07','??','0703',' ???','070304T','???????','??',NULL),
	(2397,'07','??','0707','?????','070703T','???????','??',NULL),
	(2398,'07','??','0707','?????','070704T','?????','??',NULL),
	(2399,'07','??','0709','????','070903T','?????????(?????????????)','??',NULL),
	(2400,'07','??','0709','????','070904T','????','??',NULL),
	(2401,'08','??','0802','???','080209T','??????','??',NULL),
	(2402,'08','??','0802','???','080210T','???????','??',NULL),
	(2403,'08','??','0802','???','080211T','??????','??',NULL),
	(2404,'08','??','0802','???','080212T','????????','??',NULL),
	(2405,'08','??','0804','???','080409T','?????????','??',NULL),
	(2406,'08','??','0804','???','080410T','????????','??',NULL),
	(2407,'08','??','0804','???','080411T','???????','??',NULL),
	(2408,'08','??','0804','???','080412T','????','??',NULL),
	(2409,'08','??','0804','???','080413T','???????','??',NULL),
	(2410,'08','??','0804','???','080414T','????????','??',NULL),
	(2411,'08','??','0805','?????','080502T','?????????','??',NULL),
	(2412,'08','??','0805','?????','080503T','????????','??',NULL),
	(2413,'08','??','0806','???','080602T','????????','??',NULL),
	(2414,'08','??','0806','???','080603T','?????','??',NULL),
	(2415,'08','??','0806','???','080604T','?????????','??',NULL),
	(2416,'08','??','0807','?????','080707T','??????','??',NULL),
	(2417,'08','??','0807','?????','080708T','????','??',NULL),
	(2418,'08','??','0807','?????','080709T','??????','??',NULL),
	(2419,'08','??','0807','?????','080710T','???????????','??',NULL),
	(2420,'08','??','0807','?????','080711T','??????','??',NULL),
	(2421,'08','??','0807','?????','080712T','????????','??',NULL),
	(2422,'08','??','0807','?????','080713T','???????','??',NULL),
	(2423,'08','??','0807','?????','080714T','?????????(?????????????)','??',NULL),
	(2424,'08','??','0807','?????','080715T','???????','??',NULL),
	(2425,'08','??','0807','?????','080716T','????????','??',NULL),
	(2426,'08','??','0808','????','080802T','?????????','??',NULL),
	(2427,'08','??','0809','????','080907T','???????','??',NULL),
	(2428,'08','??','0809','????','080908T','?????????','??',NULL),
	(2429,'08','??','0809','????','080909T','????????','??',NULL),
	(2430,'08','??','0810','???','081005T','????????','??',NULL),
	(2431,'08','??','0810','???','081006T','?????????','??',NULL),
	(2432,'08','??','0811','???','081104T','????','??',NULL),
	(2433,'08','??','0812','???','081203T','????','??',NULL),
	(2434,'08','??','0812','???','081204T','??????','??',NULL),
	(2435,'08','??','0813','??????','081303T','?????????','??',NULL),
	(2436,'08','??','0813','??????','081304T','??????','??',NULL),
	(2437,'08','??','0813','??????','081305T','???????????','??',NULL),
	(2438,'08','??','0814','???','081404T','????????','??',NULL),
	(2439,'08','??','0815','???','081505T','??????','??',NULL),
	(2440,'08','??','0815','???','081506T','??????','??',NULL),
	(2441,'08','??','0816','???','081603T','????????','??',NULL),
	(2442,'08','??','0816','???','081604T','?????????','??',NULL),
	(2443,'08','??','0818','?????','081806T','?????????','??',NULL),
	(2444,'08','??','0818','?????','081807T','???????','??',NULL),
	(2445,'08','??','0818','?????','081808TK','????????','??',NULL),
	(2446,'08','??','0819','?????','081902T','???????','??',NULL),
	(2447,'08','??','0819','?????','081903T','????????','??',NULL),
	(2448,'08','??','0820','?????','082006T','?????????','??',NULL),
	(2449,'08','??','0820','?????','082007T','???????','??',NULL),
	(2450,'08','??','0825','????????','082505T','??????','??',NULL),
	(2451,'08','??','0825','????????','082506T','??????(?????????????)','??',NULL),
	(2452,'08','??','0825','????????','082507T','???????','??',NULL),
	(2453,'08','??','0826','???????','082602T','??????','??',NULL),
	(2454,'08','??','0827','????????','082706T','????????','??',NULL),
	(2455,'08','??','0827','????????','082707T','?????????','??',NULL),
	(2456,'08','??','0827','????????','082708T','???????','??',NULL),
	(2457,'08','??','0828','???','082804T','????????','??',NULL),
	(2458,'08','??','0830','?????','083002T','????','??',NULL),
	(2459,'08','??','0831','?????','083103TK','??????','??',NULL),
	(2460,'08','??','0831','?????','083104TK','??????','??',NULL),
	(2461,'08','??','0831','?????','083105TK','??????','??',NULL),
	(2462,'08','??','0831','?????','083106TK','?????????','??',NULL),
	(2463,'08','??','0831','?????','083107TK','????','??',NULL),
	(2464,'08','??','0831','?????','083108TK','???????','??',NULL),
	(2465,'08','??','0831','?????','083109TK','?????','??',NULL),
	(2466,'09','??','0901','?????','090107T','??','??',NULL),
	(2467,'09','??','0901','?????','090108T','??','??',NULL),
	(2468,'09','??','0901','?????','090109T','??????(?????????????)','??',NULL),
	(2469,'09','??','0901','?????','090110T','????','??',NULL),
	(2470,'09','??','0901','?????','090111T','????','??',NULL),
	(2471,'09','??','0903','?????','090302T','??','??',NULL),
	(2472,'09','??','0903','?????','090303T','??','??',NULL),
	(2473,'09','??','0904','?????','090403T','?????(?????????????)','??',NULL),
	(2474,'09','??','0906','???','090603T','???????','??',NULL),
	(2475,'10','??','1002','?????','100202TK','???','??',NULL),
	(2476,'10','??','1002','?????','100203TK','?????','??',NULL),
	(2477,'10','??','1002','?????','100204TK','?????','??',NULL),
	(2478,'10','??','1002','?????','100205TK','????','??',NULL),
	(2479,'10','??','1002','?????','100206TK','????','??',NULL),
	(2480,'10','??','1004','??????????','100403TK','??????','??',NULL),
	(2481,'10','??','1004','??????????','100404TK','????','??',NULL),
	(2482,'10','??','1004','??????????','100405TK','?????(??????????)','??',NULL),
	(2483,'10','??','1007','???','100703TK','????(??????????)','??',NULL),
	(2484,'10','??','1007','???','100704T','????(??????????)','??',NULL),
	(2485,'10','??','1007','???','100705T','????(??????????)','??',NULL),
	(2486,'10','??','1007','???','100706T','????(??????????)','??',NULL),
	(2487,'10','??','1007','???','100707T','????(??????????)','??',NULL),
	(2488,'10','??','1008','????','100803T','???(??????????)','??',NULL),
	(2489,'10','??','1008','????','100804T','???(??????????)','??',NULL),
	(2490,'10','??','1008','????','100805T','????(?????????????)','??',NULL),
	(2491,'10','??','1008','????','100806T','????????(??????????)','??',NULL),
	(2492,'10','??','1010','?????','101008T','????????','??',NULL),
	(2493,'12','???','1201','????????','120106TK','????','??',NULL),
	(2494,'12','???','1202','?????','120211T','????','??',NULL),
	(2495,'12','???','1202','?????','120212T','???????','??',NULL),
	(2496,'12','???','1202','?????','120213T','??????','??',NULL),
	(2497,'12','???','1202','?????','120214T','??????','??',NULL),
	(2498,'12','???','1204','?????','120406TK','????','??',NULL),
	(2499,'12','???','1204','?????','120407T','????(??????????????)','??',NULL),
	(2500,'12','???','1204','?????','120408T','????','??',NULL),
	(2501,'12','???','1204','?????','120409T','?????','??',NULL),
	(2502,'12','???','1206','????????','120603T','????','??',NULL),
	(2503,'12','???','1207','?????','120702T','?????','??',NULL),
	(2504,'12','???','1207','?????','120703T','??????','??',NULL),
	(2505,'12','???','1208','?????','120802T','???????','??',NULL),
	(2506,'12','???','1209','?????','120904T','?????????','??',NULL),
	(2507,'13','???','1303','???????','130311T','???????','??',NULL),
	(2508,'13','???','1304','????','130405T','???','??',NULL),
	(2509,'13','???','1304','????','130406T','???','??',NULL),
	(2510,'13','???','1305','????','130509T','?????','??',NULL);

/*!40000 ALTER TABLE `major` ENABLE KEYS */;
UNLOCK TABLES;


# Dump of table migration
# ------------------------------------------------------------

DROP TABLE IF EXISTS `migration`;

CREATE TABLE `migration` (
  `version` varchar(180) NOT NULL,
  `apply_time` int(11) DEFAULT NULL,
  PRIMARY KEY (`version`)
) ENGINE=MyISAM DEFAULT CHARSET=latin1;

LOCK TABLES `migration` WRITE;
/*!40000 ALTER TABLE `migration` DISABLE KEYS */;

INSERT INTO `migration` (`version`, `apply_time`)
VALUES
	('m000000_000000_base',1432744285),
	('m130524_201442_init',1432744287),
	('m150527_163119_firstTable',1432744287),
	('m150527_163922_testTbl',1432744813),
	('m150527_211521_student',1432761695),
	('m150530_214215_schoolTable',1433022408),
	('m150530_215219_majorTable',1433023031),
	('m150601_160150_resumeTable',1433176842),
	('m150601_165339_school_majorTable',1433178121),
	('m150601_170434_school_major_studentTable',1433179947),
	('m150601_173739_employerTable',1433180316),
	('m150601_174043_employer_studentTable',1433180534),
	('m150601_174316_jobTable',1433180669),
	('m150601_174501_job_studentTable',1433180807),
	('m150601_175138_invitationTable',1433181273),
	('m150601_175458_applicationTable',1433181370),
	('m150601_175746_payment_planTable',1433181562),
	('m150601_175956_paymentTable',1433181694),
	('m150602_023306_school_major2Table',1433212559),
	('m150602_033906_school2Table',1433216485),
	('m150602_140420_major2Table',1433254036),
	('m150602_164904_job_postingTable',1433263975),
	('m150603_160219_schoolTable',1433347727),
	('m150603_172200_school_major2Table',1433352155),
	('m150604_204837_student2Table',1433451121),
	('m150604_210050_student3Table',1433451702),
	('m150604_234800_school3Table',1433461797),
	('m150605_014623_student4Table',1433468934),
	('m150605_144104_houseTable',1433515775),
	('m150606_160514_resume',1433607041),
	('m150606_175159_employer',1433613315),
	('m150606_185951_user',1433617291),
	('m150608_144015_job',1433774524),
	('m150611_205618_jobPublish',1434056377),
	('m150613_005521_resumeTable',1434161204);

/*!40000 ALTER TABLE `migration` ENABLE KEYS */;
UNLOCK TABLES;


# Dump of table payment
# ------------------------------------------------------------

DROP TABLE IF EXISTS `payment`;

CREATE TABLE `payment` (
  `payment_id` int(11) unsigned NOT NULL AUTO_INCREMENT,
  `employer_id` int(11) NOT NULL,
  `payment_plan_id` int(11) NOT NULL,
  `time_created` datetime DEFAULT NULL,
  `time_updated` datetime DEFAULT NULL,
  PRIMARY KEY (`payment_id`)
) ENGINE=InnoDB DEFAULT CHARSET=latin1;



# Dump of table payment_plan
# ------------------------------------------------------------

DROP TABLE IF EXISTS `payment_plan`;

CREATE TABLE `payment_plan` (
  `payment_plan_id` int(11) unsigned NOT NULL AUTO_INCREMENT,
  `payment_description` varchar(100) DEFAULT NULL,
  `time_created` datetime DEFAULT NULL,
  `time_updated` datetime DEFAULT NULL,
  PRIMARY KEY (`payment_plan_id`)
) ENGINE=InnoDB DEFAULT CHARSET=latin1;



# Dump of table resume
# ------------------------------------------------------------

DROP TABLE IF EXISTS `resume`;

CREATE TABLE `resume` (
  `resume_id` int(11) unsigned NOT NULL AUTO_INCREMENT,
  `student_id` int(11) DEFAULT NULL,
  `time_created` datetime DEFAULT NULL,
  `resume_content` varchar(2000) DEFAULT NULL,
  `updated_time` datetime DEFAULT NULL,
  `first_name` varchar(200) DEFAULT NULL,
  `last_name` varchar(200) DEFAULT NULL,
  `address` varchar(200) DEFAULT NULL,
  `city` varchar(200) DEFAULT NULL,
  `state` varchar(200) DEFAULT NULL,
  `zip` varchar(200) DEFAULT NULL,
  `email` varchar(200) DEFAULT NULL,
  `phone` varchar(20) DEFAULT NULL,
  `self_introduction` mediumtext,
  `resume_slug` varchar(200) DEFAULT NULL,
  PRIMARY KEY (`resume_id`),
  KEY `student_id` (`student_id`),
  CONSTRAINT `resume_ibfk_1` FOREIGN KEY (`student_id`) REFERENCES `student` (`student_id`)
) ENGINE=InnoDB DEFAULT CHARSET=latin1;

LOCK TABLES `resume` WRITE;
/*!40000 ALTER TABLE `resume` DISABLE KEYS */;

INSERT INTO `resume` (`resume_id`, `student_id`, `time_created`, `resume_content`, `updated_time`, `first_name`, `last_name`, `address`, `city`, `state`, `zip`, `email`, `phone`, `self_introduction`, `resume_slug`)
VALUES
	(5,69,NULL,'esse cillum dolore eu fugiat nulla pariatur. Excepteur sint occaecat cupidatat non proident, sunt in culpa qui officia deserunt mollit anim id est laborum.',NULL,'terry','tao','111 san diego st','san diego','ca','91111','kddk@tt.com','9999999999','Lorem ipsum dolor sit amet, consectetur adipisicing elit, sed do eiusmod tempor incididunt ut labore et dolore magna aliqua. Ut enim ad minim veniam, quis nostrud exercitation ullamco laboris nisi ut aliquip ex ea commodo consequat. Duis aute irure dolor in reprehenderit in voluptate velit esse cillum dolore eu fugiat nulla pariatur. Excepteur sint occaecat cupidatat non proident, sunt in culpa qui officia deserunt mollit anim id est laborum.',NULL),
	(6,124,NULL,'cccc',NULL,'bay','','','','','','','','hhhhhhhh',NULL),
	(7,1,NULL,'',NULL,'abe loo','','','','','','','','',NULL),
	(8,125,NULL,'',NULL,'abe kim','','','','','','','','',NULL);

/*!40000 ALTER TABLE `resume` ENABLE KEYS */;
UNLOCK TABLES;


# Dump of table resume_award
# ------------------------------------------------------------

DROP TABLE IF EXISTS `resume_award`;

CREATE TABLE `resume_award` (
  `resume_award_id` int(11) unsigned NOT NULL AUTO_INCREMENT,
  `resume_id` int(11) DEFAULT NULL,
  `award_title` varchar(100) DEFAULT NULL,
  `award_description` varchar(1000) DEFAULT NULL,
  `award_date` date DEFAULT NULL,
  `time_created` datetime DEFAULT NULL,
  `time_updated` datetime DEFAULT NULL,
  PRIMARY KEY (`resume_award_id`)
) ENGINE=MyISAM DEFAULT CHARSET=latin1;



# Dump of table resume_course
# ------------------------------------------------------------

DROP TABLE IF EXISTS `resume_course`;

CREATE TABLE `resume_course` (
  `resume_course_id` int(11) unsigned NOT NULL AUTO_INCREMENT,
  `resume_id` int(11) unsigned DEFAULT NULL,
  `content` mediumtext CHARACTER SET utf8,
  PRIMARY KEY (`resume_course_id`),
  KEY `resume_id` (`resume_id`),
  CONSTRAINT `resume_course_ibfk_1` FOREIGN KEY (`resume_id`) REFERENCES `resume` (`resume_id`) ON DELETE CASCADE ON UPDATE NO ACTION
) ENGINE=InnoDB DEFAULT CHARSET=latin1;

LOCK TABLES `resume_course` WRITE;
/*!40000 ALTER TABLE `resume_course` DISABLE KEYS */;

INSERT INTO `resume_course` (`resume_course_id`, `resume_id`, `content`)
VALUES
	(1,5,'advance math'),
	(2,5,'Politics'),
	(3,5,'Politics'),
	(4,5,'????'),
	(5,5,'????'),
	(6,6,'??'),
	(7,6,'Bilogy'),
	(8,6,NULL);

/*!40000 ALTER TABLE `resume_course` ENABLE KEYS */;
UNLOCK TABLES;


# Dump of table resume_photo
# ------------------------------------------------------------

DROP TABLE IF EXISTS `resume_photo`;

CREATE TABLE `resume_photo` (
  `resume_photo_id` int(11) unsigned NOT NULL AUTO_INCREMENT,
  `resume_id` int(11) unsigned DEFAULT NULL,
  `photo_name` varchar(200) DEFAULT NULL,
  `photo_title` varchar(200) DEFAULT NULL,
  `photo_description` varchar(500) DEFAULT NULL,
  PRIMARY KEY (`resume_photo_id`),
  KEY `resume_id` (`resume_id`),
  CONSTRAINT `resume_photo_ibfk_1` FOREIGN KEY (`resume_id`) REFERENCES `resume` (`resume_id`) ON DELETE CASCADE ON UPDATE NO ACTION
) ENGINE=InnoDB DEFAULT CHARSET=latin1;

LOCK TABLES `resume_photo` WRITE;
/*!40000 ALTER TABLE `resume_photo` DISABLE KEYS */;

INSERT INTO `resume_photo` (`resume_photo_id`, `resume_id`, `photo_name`, `photo_title`, `photo_description`)
VALUES
	(1,5,'84d72f3a-8452-4a95-b5c7-94e92d02c730/0602_2.jpg','mdd','ddd'),
	(2,5,NULL,NULL,NULL),
	(3,5,'1dfe999d-03fe-4c0d-a242-5a10fa48af0c/0602_2.jpg','dd','ddjdjdjd'),
	(4,5,'91f4e558-668d-4c6e-8c95-c4e473fcefa2/IMG_3717.JPG',NULL,NULL),
	(5,5,'026614b9-b031-484d-b34b-ff68a0bfb1c3/IMG_3537.JPG','',''),
	(6,6,'5693d257-a6d3-4118-9c2e-e266d9e19dc5/IMG_3501.JPG','champange','good stone');

/*!40000 ALTER TABLE `resume_photo` ENABLE KEYS */;
UNLOCK TABLES;


# Dump of table resume_project
# ------------------------------------------------------------

DROP TABLE IF EXISTS `resume_project`;

CREATE TABLE `resume_project` (
  `resume_project_id` int(11) unsigned NOT NULL AUTO_INCREMENT,
  `resume_id` int(11) unsigned DEFAULT NULL,
  `project_name` varchar(200) DEFAULT NULL,
  `project_description` varchar(500) DEFAULT NULL,
  PRIMARY KEY (`resume_project_id`)
) ENGINE=InnoDB DEFAULT CHARSET=latin1;

LOCK TABLES `resume_project` WRITE;
/*!40000 ALTER TABLE `resume_project` DISABLE KEYS */;

INSERT INTO `resume_project` (`resume_project_id`, `resume_id`, `project_name`, `project_description`)
VALUES
	(1,5,'e-commerce','sell jewelry'),
	(2,5,'test','test');

/*!40000 ALTER TABLE `resume_project` ENABLE KEYS */;
UNLOCK TABLES;


# Dump of table school
# ------------------------------------------------------------

DROP TABLE IF EXISTS `school`;

CREATE TABLE `school` (
  `school_id` int(11) NOT NULL,
  `school_name` varchar(100) DEFAULT NULL,
  `school_level` varchar(20) DEFAULT NULL,
  `school_region` varchar(10) DEFAULT NULL,
  `school_category` varchar(40) DEFAULT NULL,
  `is_211` int(2) DEFAULT NULL,
  `is_985` int(2) DEFAULT NULL,
  `is_central` int(2) DEFAULT NULL,
  `number_of_major` int(11) DEFAULT NULL,
  `school_name_pinying` varchar(100) DEFAULT NULL,
  `school_name_combine` varchar(100) DEFAULT NULL,
  PRIMARY KEY (`school_id`)
) ENGINE=InnoDB DEFAULT CHARSET=utf8;

LOCK TABLES `school` WRITE;
/*!40000 ALTER TABLE `school` DISABLE KEYS */;

INSERT INTO `school` (`school_id`, `school_name`, `school_level`, `school_region`, `school_category`, `is_211`, `is_985`, `is_central`, `number_of_major`, `school_name_pinying`, `school_name_combine`)
VALUES
	(1,'?????? ','????','??','??',0,0,0,NULL,'chongqingwenlixueyuan','?????? ??chongqingwenlixueyuan'),
	(2,'???? ','????','??','??',0,0,0,NULL,'sanyaxueyuan','???? ??sanyaxueyuan'),
	(3,'???????? ','????','??','??',0,0,0,NULL,'','???????? ??'),
	(4,'???? ','????','??','??',0,0,0,NULL,'','???? ??'),
	(5,'???????? ... ','????','??','??',0,0,0,NULL,'','???????? ... ??'),
	(6,'???????? ... ','????','??','??',0,0,0,NULL,'','???????? ... ??'),
	(7,'???? ','????','??','??',0,0,0,NULL,'','???? ??'),
	(8,'???????? ','????','??','??',0,0,0,NULL,'','???????? ??'),
	(9,'???? ','????','??','??',1,1,1,NULL,'','???? ??'),
	(10,'?????? ','????','??','??',1,1,1,NULL,'','?????? ??'),
	(11,'???? ','????','??','??',1,1,1,NULL,'','???? ??'),
	(12,'???? ','????','??','??',0,0,0,NULL,'','???? ??'),
	(13,'?????? ','????','??','??',0,0,0,NULL,'','?????? ??'),
	(14,'?????? ','????','??','??',0,0,0,NULL,'','?????? ??'),
	(15,'????? ','????','??','??',0,0,0,NULL,'','????? ??'),
	(16,'???? ','????','??','??',0,0,0,NULL,'','???? ??'),
	(17,'?????? ','????','??','??',0,0,0,NULL,'','?????? ??'),
	(18,'???? ','????','??','??',0,0,0,NULL,'','???? ??'),
	(19,'???? ','????','??','??',0,0,0,NULL,'','???? ??'),
	(20,'???? ','????','??','??',0,0,0,NULL,'','???? ??'),
	(21,'????? ','????','???','??',0,0,1,NULL,'','????? ???'),
	(22,'??????? ','????','???','??',0,0,0,NULL,'','??????? ???'),
	(23,'??????? ','????','???','??',0,0,0,NULL,'','??????? ???'),
	(24,'???? ','????','???','??',0,0,0,NULL,'','???? ???'),
	(25,'???? ','????','??','??',0,0,1,NULL,'','???? ??'),
	(26,'???? ','????','??','??',0,0,0,NULL,'','???? ??'),
	(27,'???????? ','????','??','??',0,0,0,NULL,'','???????? ??'),
	(28,'???? ','????','??','??',1,1,1,NULL,'','???? ??'),
	(29,'???? ','????','??','??',0,0,1,NULL,'','???? ??'),
	(30,'???? ','????','??','??',0,0,0,NULL,'','???? ??'),
	(31,'????? ','????','???','??',0,0,0,NULL,'','????? ???'),
	(32,'????? ','????','???','??',0,0,0,NULL,'','????? ???'),
	(33,'?????? ','????','???','??',0,0,0,NULL,'','?????? ???'),
	(34,'????? ','????','???','??',0,0,0,NULL,'','????? ???'),
	(35,'???? ','????','???','??',0,0,0,NULL,'','???? ???'),
	(36,'???? ','????','??','??',1,1,1,NULL,'','???? ??'),
	(37,'?????? ','????','??','??',1,1,1,NULL,'','?????? ??'),
	(38,'???? ','????','??','??',0,0,1,NULL,'','???? ??'),
	(39,'???? ','????','??','??',1,1,1,NULL,'','???? ??'),
	(40,'???? ','????','??','??',0,0,1,NULL,'','???? ??'),
	(41,'???? ','????','??','??',1,1,1,NULL,'','???? ??'),
	(42,'???? ','????','??','??',1,0,1,NULL,'','???? ??'),
	(43,'???? ','????','??','??',0,0,0,NULL,'','???? ??'),
	(44,'???? ','????','??','??',0,0,0,NULL,'','???? ??'),
	(45,'???? ','????','??','??',1,1,1,NULL,'','???? ??'),
	(46,'???? ','????','??','??',0,0,0,NULL,'','???? ??'),
	(47,'???? ','????','??','??',0,0,0,NULL,'','???? ??'),
	(48,'???? ','????','??','??',0,0,0,NULL,'','???? ??'),
	(49,'???? ','????','??','??',0,0,1,NULL,'','???? ??'),
	(50,'???? ','????','??','??',0,0,0,NULL,'','???? ??'),
	(51,'???? ','????','??','??',0,0,0,NULL,'','???? ??'),
	(52,'???? ','????','??','??',0,0,0,NULL,'','???? ??'),
	(53,'???? ','????','??','??',1,1,1,NULL,'','???? ??'),
	(54,'???? ','????','??','??',0,0,0,NULL,'','???? ??'),
	(55,'???? ','????','??','??',0,0,0,NULL,'','???? ??'),
	(56,'???? ','????','??','??',0,0,0,NULL,'','???? ??'),
	(57,'???? ','????','??','??',0,0,1,2,'','???? ??'),
	(58,'???? ','????','??','??',0,0,0,NULL,'','???? ??'),
	(59,'????? ','????','??','??',0,0,0,NULL,'','????? ??'),
	(60,'???? ','????','??','??',1,1,1,NULL,'','???? ??'),
	(61,'?????? ','????','??','??',1,1,1,NULL,'','?????? ??'),
	(62,'???? ','????','??','??',0,0,0,NULL,'','???? ??'),
	(63,'???? ','????','??','??',0,0,0,NULL,'','???? ??'),
	(64,'???? ','????','??','??',0,0,0,NULL,'','???? ??'),
	(65,'???? ','????','??','??',0,0,0,NULL,'','???? ??'),
	(66,'???? ','????','??','??',0,0,0,NULL,'','???? ??'),
	(67,'???? ','????','??','??',0,0,0,NULL,'','???? ??'),
	(68,'???? ','????','??','??',0,0,0,NULL,'','???? ??'),
	(69,'???? ','????','??','??',0,0,0,NULL,'','???? ??'),
	(70,'???? ','????','??','??',0,0,0,NULL,'','???? ??'),
	(71,'???? ','????','??','??',0,0,1,NULL,'','???? ??'),
	(72,'???? ','????','??','??',0,0,0,NULL,'','???? ??'),
	(73,'???? ','????','??','??',1,1,1,NULL,'','???? ??'),
	(74,'???? ','????','??','??',0,0,0,NULL,'','???? ??'),
	(75,'???? ','????','??','??',0,0,0,NULL,'','???? ??'),
	(76,'?????? ','????','??','??',0,0,0,NULL,'','?????? ??'),
	(77,'?????? ','????','??','??',0,0,0,NULL,'','?????? ??'),
	(78,'???? ','????','??','??',0,0,0,NULL,'','???? ??'),
	(79,'???? ','????','??','??',0,0,0,NULL,'','???? ??'),
	(80,'???? ','????','??','??',1,1,1,NULL,'','???? ??'),
	(81,'???? ','????','??','??',1,1,1,NULL,'','???? ??'),
	(82,'?????? ','????','??','??',0,0,0,NULL,'','?????? ??'),
	(83,'???? ','????','??','??',0,0,0,NULL,'','???? ??'),
	(84,'???? ','????','??','??',0,0,0,NULL,'','???? ??'),
	(85,'???? ','????','??','??',0,0,0,NULL,'','???? ??'),
	(86,'?????? ','????','??','??',0,0,0,NULL,'','?????? ??'),
	(87,'???????? ','????','??','??',0,0,0,NULL,'','???????? ??'),
	(88,'???? ','????','??','??',0,0,0,NULL,'','???? ??'),
	(89,'???? ','????','??','??',1,1,1,NULL,'','???? ??'),
	(90,'???? ','????','??','??',0,0,1,NULL,'','???? ??'),
	(91,'???? ','????','??','??',0,0,0,NULL,'','???? ??'),
	(92,'?????? ','????','??','??',0,0,0,NULL,'','?????? ??'),
	(93,'???? ','????','??','??',0,0,0,NULL,'','???? ??'),
	(94,'???? ','????','??','??',0,0,0,NULL,'','???? ??'),
	(95,'???? ','????','??','??',0,0,0,NULL,'','???? ??'),
	(96,'???? ','????','??','??',0,0,0,NULL,'','???? ??'),
	(97,'???? ','????','??','??',0,0,1,NULL,'','???? ??'),
	(98,'???? ','????','??','??',0,0,0,NULL,'','???? ??'),
	(99,'???? ','????','??','??',0,0,1,NULL,'','???? ??'),
	(100,'???? ','????','??','??',0,0,0,NULL,'','???? ??'),
	(101,'???? ','????','??','??',0,0,0,NULL,'','???? ??'),
	(102,'???? ','????','??','??',1,1,1,NULL,'','???? ??'),
	(103,'???? ','????','??','??',1,1,1,NULL,'','???? ??'),
	(104,'???? ','????','??','??',0,0,0,NULL,'','???? ??'),
	(105,'???? ','????','??','??',0,0,0,NULL,'','???? ??'),
	(106,'???? ','????','??','??',1,0,1,NULL,'','???? ??'),
	(107,'???? ','????','??','??',0,0,0,NULL,'','???? ??'),
	(108,'?????? ','????','??','??',0,0,0,NULL,'','?????? ??'),
	(109,'???????? ... ','????','??','??',0,0,0,NULL,'','???????? ... ??'),
	(110,'???????? ','????','??','??',0,0,0,NULL,'','???????? ??'),
	(111,'???????? ','????','??','??',0,0,0,NULL,'','???????? ??'),
	(112,'???????? ','????','??','??',0,0,0,NULL,'','???????? ??'),
	(113,'???????? ... ','????','??','??',0,0,0,NULL,'','???????? ... ??'),
	(114,'?????? ','????','??','??',0,0,0,NULL,'','?????? ??'),
	(115,'???????? ... ','????','??','??',0,0,0,NULL,'','???????? ... ??'),
	(116,'???????? ... ','????','??','??',0,0,0,NULL,'','???????? ... ??'),
	(117,'???????? ... ','????','??','??',0,0,0,NULL,'','???????? ... ??'),
	(118,'???? ','????','??','??',1,1,1,NULL,'','???? ??'),
	(119,'?????? ','????','??','??',1,0,1,NULL,'','?????? ??'),
	(120,'?????? ','????','??','??',0,0,1,NULL,'','?????? ??'),
	(121,'???????? ','????','??','??',0,1,1,NULL,'','???????? ??'),
	(122,'?????? ','????','??','??',0,1,1,1,'','?????? ??'),
	(123,'?????? ','????','??','??',1,0,1,NULL,'','?????? ??'),
	(124,'?????? ','????','??','??',0,0,0,NULL,'','?????? ??'),
	(125,'?????? ','????','??','??',1,0,1,NULL,'','?????? ??'),
	(126,'?????? ','????','??','??',0,0,0,NULL,'','?????? ??'),
	(127,'?????? ','????','??','??',1,0,1,NULL,'','?????? ??'),
	(128,'?????? ','????','??','??',0,0,0,NULL,'','?????? ??'),
	(129,'?????? ','????','??','??',0,0,0,NULL,'','?????? ??'),
	(130,'???????? ','????','??','??',0,0,0,5,'','???????? ??'),
	(131,'???????? ','????','??','??',0,0,0,NULL,'','???????? ??'),
	(132,'?????????? ','????','??','??',1,0,1,NULL,'','?????????? ??'),
	(133,'???? ','????','??','??',1,1,1,NULL,'','???? ??'),
	(134,'?????? ','????','??','??',0,0,0,NULL,'','?????? ??'),
	(135,'?????? ','????','??','??',0,0,0,NULL,'','?????? ??'),
	(136,'?????? ','????','??','??',0,0,0,NULL,'','?????? ??'),
	(137,'?????? ','????','??','??',0,0,0,NULL,'','?????? ??'),
	(138,'?????? ','????','??','??',0,0,0,NULL,'','?????? ??'),
	(139,'???????? ','????','??','??',0,0,0,NULL,'','???????? ??'),
	(140,'?????? ','????','??','??',0,0,1,NULL,'','?????? ??'),
	(141,'?????? ','????','??','??',0,0,0,NULL,'','?????? ??'),
	(142,'???????? ','????','??','??',0,0,0,NULL,'','???????? ??'),
	(143,'???????????... ','????','??','??',0,0,0,NULL,'','???????????... ??'),
	(144,'??????? ','????','??','??',0,0,0,NULL,'','??????? ??'),
	(145,'?????? ','????','??','??',0,0,0,NULL,'','?????? ??'),
	(146,'???? ','????','??','??',0,0,0,NULL,'','???? ??'),
	(147,'?????? ','????','??','??',0,0,1,NULL,'','?????? ??'),
	(148,'??????? ','????','???','??',0,0,0,NULL,'','??????? ???'),
	(149,'?????? ','????','??','??',1,1,1,NULL,'','?????? ??'),
	(150,'?????? ','????','??','??',0,0,0,NULL,'','?????? ??'),
	(151,'???????? ','????','??','??',0,0,0,NULL,'','???????? ??'),
	(152,'?????? ','????','??','??',0,0,0,NULL,'','?????? ??'),
	(153,'???? ','????','??','??',1,1,1,NULL,'','???? ??'),
	(154,'?????? ','????','??','??',0,0,0,NULL,'','?????? ??'),
	(155,'???????? ','????','??','??',0,0,0,NULL,'','???????? ??'),
	(156,'???????? ','????','??','??',0,0,0,NULL,'','???????? ??'),
	(157,'?????? ','????','??','??',0,0,0,NULL,'','?????? ??'),
	(158,'?????? ','????','??','??',0,0,0,NULL,'','?????? ??'),
	(159,'?????? ','????','??','??',0,0,1,NULL,'','?????? ??'),
	(160,'?????? ','????','??','??',0,0,0,NULL,'','?????? ??'),
	(161,'?????? ','????','??','??',0,0,0,NULL,'','?????? ??'),
	(162,'???????? ','????','??','??',0,0,0,NULL,'','???????? ??'),
	(163,'?????? ','????','??','??',0,0,0,NULL,'','?????? ??'),
	(164,'?????? ','????','??','??',0,0,0,NULL,'','?????? ??'),
	(165,'?????? ','????','??','??',0,0,0,NULL,'','?????? ??'),
	(166,'?????? ','????','??','??',0,0,0,NULL,'','?????? ??'),
	(167,'?????? ','????','??','??',0,0,0,NULL,'','?????? ??'),
	(168,'?????? ','????','??','??',0,0,0,NULL,'','?????? ??'),
	(169,'??????? ','????','???','??',0,1,1,NULL,'','??????? ???'),
	(170,'??????? ','????','???','??',0,0,0,NULL,'','??????? ???'),
	(171,'???? ','????','??','??',0,0,0,NULL,'','???? ??'),
	(172,'??????? ','????','???','??',0,0,1,NULL,'','??????? ???'),
	(173,'??????? ','????','???','??',0,0,0,NULL,'','??????? ???'),
	(174,'?????? ','????','???','??',0,0,0,NULL,'','?????? ???'),
	(175,'???? ','????','??','??',1,1,1,NULL,'','???? ??'),
	(176,'?????? ','????','??','??',1,0,1,NULL,'','?????? ??'),
	(177,'?????? ','????','??','??',0,0,0,NULL,'','?????? ??'),
	(178,'?????? ','????','??','??',0,0,0,NULL,'','?????? ??'),
	(179,'???? ','????','??','??',1,0,1,NULL,'','???? ??'),
	(180,'?????? ','????','??','??',0,0,0,NULL,'','?????? ??'),
	(181,'???????? ','????','??','??',0,0,0,NULL,'','???????? ??'),
	(182,'???????????... ','????','??','??',0,0,0,NULL,'','???????????... ??'),
	(183,'???????? ','????','??','??',0,0,1,NULL,'','???????? ??'),
	(184,'?????? ','????','??','??',0,0,1,NULL,'','?????? ??'),
	(185,'?????? ','????','??','??',0,0,0,NULL,'','?????? ??'),
	(186,'?????? ','????','??','??',1,0,1,NULL,'','?????? ??'),
	(187,'?????? ','????','??','??',0,0,0,NULL,'','?????? ??'),
	(188,'?????? ','????','??','??',0,0,0,NULL,'','?????? ??'),
	(189,'???? ','????','??','??',1,0,1,NULL,'','???? ??'),
	(190,'???????? ','????','??','??',0,0,0,NULL,'','???????? ??'),
	(191,'????? ','????','??','??',0,0,0,NULL,'','????? ??'),
	(192,'?????? ','????','??','??',0,0,0,NULL,'','?????? ??'),
	(193,'?????? ','????','??','??',0,0,0,NULL,'','?????? ??'),
	(194,'???????? ','????','??','??',0,0,0,NULL,'','???????? ??'),
	(195,'?????? ','????','??','??',0,0,0,NULL,'','?????? ??'),
	(196,'?????? ','????','??','??',0,0,0,NULL,'','?????? ??'),
	(197,'?????? ','????','??','??',0,0,0,NULL,'','?????? ??'),
	(198,'???????? ','????','??','??',0,1,1,NULL,'','???????? ??'),
	(199,'?????? ','????','??','??',1,0,1,NULL,'','?????? ??'),
	(200,'?????? ','????','??','??',0,0,0,NULL,'','?????? ??'),
	(201,'?????? ','????','??','??',0,0,0,NULL,'','?????? ??'),
	(202,'?????? ','????','??','??',0,0,0,NULL,'','?????? ??'),
	(203,'???? ','????','??','??',0,0,1,NULL,'','???? ??'),
	(204,'?????? ','????','??','??',0,0,0,NULL,'','?????? ??'),
	(205,'???? ','????','??','??',0,0,0,NULL,'','???? ??'),
	(206,'?????? ','????','??','??',0,0,0,NULL,'','?????? ??'),
	(207,'?????? ','????','??','??',0,0,0,NULL,'','?????? ??'),
	(208,'?????? ','????','??','??',0,0,0,NULL,'','?????? ??'),
	(209,'?????? ','????','??','??',0,0,0,NULL,'','?????? ??'),
	(210,'??????? ','????','??','??',0,0,0,NULL,'','??????? ??'),
	(211,'?????? ','????','??','??',0,0,0,NULL,'','?????? ??'),
	(212,'?????? ','????','??','??',0,0,0,NULL,'','?????? ??'),
	(213,'?????? ','????','??','??',0,0,0,NULL,'','?????? ??'),
	(214,'?????? ','????','??','??',0,0,0,NULL,'','?????? ??'),
	(215,'?????? ','????','??','??',0,0,0,NULL,'','?????? ??'),
	(216,'?????? ','????','??','??',0,0,0,NULL,'','?????? ??'),
	(217,'?????? ','????','??','??',0,0,0,NULL,'','?????? ??'),
	(218,'???? ','??????','??','????',0,0,0,NULL,'','???? ??'),
	(219,'??????????? ','??????','??','????',0,0,0,NULL,'','??????????? ??'),
	(220,'?????????? ','??????','??','????',0,0,0,NULL,'','?????????? ??'),
	(221,'???????????... ','??????','??','????',0,0,0,NULL,'','???????????... ??'),
	(222,'????????? ','??????','??','????',0,0,0,NULL,'','????????? ??'),
	(223,'???????????... ','??????','??','????',0,0,0,NULL,'','???????????... ??'),
	(224,'????-????? ','??????','??','????',0,0,0,NULL,'','????-????? ??'),
	(225,'???? ','??????','??','????',0,0,0,NULL,'','???? ??'),
	(226,'???????????... ','??????','??','????',0,0,0,NULL,'','???????????... ??'),
	(227,'??????????? ','??????','??','????',0,0,0,NULL,'','??????????? ??'),
	(228,'???????? ','??????','??','????',0,0,0,NULL,'','???????? ??'),
	(229,'???????????... ','??????','??','????',0,0,0,NULL,'','???????????... ??'),
	(230,'?????????? ','??????','??','????',0,0,0,NULL,'','?????????? ??'),
	(231,'???????????... ','??????','??','????',0,0,0,NULL,'','???????????... ??'),
	(232,'????????? ','??????','??','????',0,0,0,NULL,'','????????? ??'),
	(233,'???????????... ','??????','??','????',0,0,0,NULL,'','???????????... ??'),
	(234,'??????????? ','??????','??','????',0,0,0,NULL,'','??????????? ??'),
	(235,'???????????... ','??????','??','????',0,0,0,NULL,'','???????????... ??'),
	(236,'????ACCA???... ','??????','??','????',0,0,0,NULL,'','????ACCA???... ??'),
	(237,'??CMA??????... ','??????','??','????',0,0,0,NULL,'','??CMA??????... ??'),
	(238,'???????? ','??????','??','????',0,0,0,NULL,'','???????? ??'),
	(239,'?????? ','????','??','??',0,0,0,NULL,'','?????? ??'),
	(240,'???????? ... ','????','??','??',0,0,0,NULL,'','???????? ... ??'),
	(241,'???????? ... ','????','??','??',0,0,0,NULL,'','???????? ... ??'),
	(242,'?????? ','????','??','??',1,1,1,NULL,'','?????? ??'),
	(243,'?????? ','????','??','??',0,0,0,NULL,'','?????? ??'),
	(244,'?????? ','????','??','??',0,0,0,NULL,'','?????? ??'),
	(245,'?????????? ','????','??','??',0,0,0,NULL,'','?????????? ??'),
	(246,'?????? ','????','??','??',0,0,0,NULL,'','?????? ??'),
	(247,'???? ','????','??','??',0,0,0,NULL,'','???? ??'),
	(248,'???????? ','????','??','??',0,0,0,NULL,'','???????? ??'),
	(249,'?????? ','????','??','??',0,0,0,NULL,'','?????? ??'),
	(250,'?????? ','????','??','??',0,0,0,NULL,'','?????? ??'),
	(251,'???? ','????','??','??',0,0,0,NULL,'','???? ??'),
	(252,'???? ','????','??','??',0,0,0,NULL,'','???? ??'),
	(253,'???? ','????','??','??',0,0,0,NULL,'','???? ??'),
	(254,'?????? ','????','??','??',0,0,0,NULL,'','?????? ??'),
	(255,'?????? ','????','??','??',0,0,0,NULL,'','?????? ??'),
	(256,'?????? ','????','??','??',0,0,0,NULL,'','?????? ??'),
	(257,'?????? ','????','??','??',0,0,0,NULL,'','?????? ??'),
	(258,'??????? ','????','???','??',0,0,0,NULL,'','??????? ???'),
	(259,'?????? ','????','??','??',0,0,0,NULL,'','?????? ??'),
	(260,'?????? ','????','??','??',0,0,0,NULL,'','?????? ??'),
	(261,'?????? ','????','??','??',0,0,0,NULL,'','?????? ??'),
	(262,'?????????? ','????','??','??',0,0,0,NULL,'','?????????? ??'),
	(263,'?????????? ','????','??','??',0,0,0,NULL,'','?????????? ??'),
	(264,'?????????? ','????','??','??',0,0,0,NULL,'','?????????? ??'),
	(265,'?????????? ','????','??','??',0,0,0,NULL,'','?????????? ??'),
	(266,'?????? ','????','??','??',1,0,1,NULL,'','?????? ??'),
	(267,'?????? ','????','??','??',0,0,0,NULL,'','?????? ??'),
	(268,'?????? ','????','??','??',0,0,0,NULL,'','?????? ??'),
	(269,'?????????? ','????','??','??',0,0,0,NULL,'','?????????? ??'),
	(270,'?????? ','????','??','??',0,0,0,NULL,'','?????? ??'),
	(271,'?????? ','????','??','??',0,0,0,NULL,'','?????? ??'),
	(272,'?????????? ','????','??','??',0,0,0,NULL,'','?????????? ??'),
	(273,'?????????? ','????','??','??',0,0,0,NULL,'','?????????? ??'),
	(274,'?????????? ','????','??','??',0,0,0,1,'','?????????? ??'),
	(275,'?????????? ','????','??','??',0,0,0,NULL,'','?????????? ??'),
	(276,'?????? ','????','??','??',1,0,1,NULL,'','?????? ??'),
	(277,'?????? ','????','??','??',0,0,0,NULL,'','?????? ??'),
	(278,'?????? ','????','??','??',0,0,0,NULL,'','?????? ??'),
	(279,'?????????? ','????','??','??',0,0,0,NULL,'','?????????? ??'),
	(280,'?????? ','????','??','??',0,0,0,NULL,'','?????? ??'),
	(281,'?????? ','????','??','??',0,0,0,NULL,'','?????? ??'),
	(282,'?????? ','????','??','??',0,0,0,NULL,'','?????? ??'),
	(283,'?????? ','????','??','??',0,0,0,NULL,'','?????? ??'),
	(284,'?????? ','????','??','??',0,0,0,NULL,'','?????? ??'),
	(285,'?????? ','????','??','??',0,0,0,NULL,'','?????? ??'),
	(286,'???? ','????','??','??',0,0,0,NULL,'','???? ??'),
	(287,'?????? ','????','??','??',0,0,0,NULL,'','?????? ??'),
	(288,'?????? ','????','??','??',0,0,0,NULL,'','?????? ??'),
	(289,'?????? ','????','??','??',0,0,0,NULL,'','?????? ??'),
	(290,'?????? ','????','??','??',0,0,0,NULL,'','?????? ??'),
	(291,'???? ','????','??','??',0,0,0,NULL,'','???? ??'),
	(292,'???? ','????','??','??',0,0,0,NULL,'','???? ??'),
	(293,'?????? ','????','??','??',0,0,0,NULL,'','?????? ??'),
	(294,'?????? ','????','??','??',0,0,0,NULL,'','?????? ??'),
	(295,'?????? ','????','??','??',0,0,0,NULL,'','?????? ??'),
	(296,'?????? ','????','??','??',0,0,0,NULL,'','?????? ??'),
	(297,'?????? ','????','??','??',0,0,0,NULL,'','?????? ??'),
	(298,'?????? ','????','??','??',0,0,0,NULL,'','?????? ??'),
	(299,'?????? ','????','??','??',0,0,0,NULL,'','?????? ??'),
	(300,'?????? ','????','??','??',0,0,0,NULL,'','?????? ??'),
	(301,'?????? ','????','??','??',0,0,0,NULL,'','?????? ??'),
	(302,'?????? ','????','??','??',0,0,0,NULL,'','?????? ??'),
	(303,'?????? ','????','??','??',0,0,0,NULL,'','?????? ??'),
	(304,'?????? ','????','??','??',0,0,0,NULL,'','?????? ??'),
	(305,'?????? ','????','??','??',0,0,0,NULL,'','?????? ??'),
	(306,'?????? ','????','??','??',0,0,0,NULL,'','?????? ??'),
	(307,'?????? ','????','??','??',0,0,0,NULL,'','?????? ??'),
	(308,'???? ','????','??','??',0,0,0,NULL,'','???? ??'),
	(309,'?????? ','????','??','??',0,0,0,NULL,'','?????? ??'),
	(310,'?????? ','????','??','??',0,0,0,NULL,'','?????? ??'),
	(311,'?????? ','????','??','??',0,0,0,NULL,'','?????? ??'),
	(312,'?????? ','????','??','??',1,0,1,NULL,'','?????? ??'),
	(313,'?????? ','????','??','??',0,0,0,NULL,'','?????? ??'),
	(314,'?????? ','????','??','??',0,0,0,NULL,'','?????? ??'),
	(315,'?????????? ','????','??','??',0,0,0,NULL,'','?????????? ??'),
	(316,'?????? ','????','??','??',0,0,1,NULL,'','?????? ??'),
	(317,'?????? ','????','??','??',0,0,0,NULL,'','?????? ??'),
	(318,'?????? ','????','??','??',0,0,1,NULL,'','?????? ??'),
	(319,'?????? ','????','??','??',0,0,0,NULL,'','?????? ??'),
	(320,'?????? ','????','??','??',0,0,0,NULL,'','?????? ??'),
	(321,'???????? ','????','??','??',0,0,0,NULL,'','???????? ??'),
	(322,'?????? ','????','??','??',0,0,0,NULL,'','?????? ??'),
	(323,'?????? ','????','??','??',0,0,0,NULL,'','?????? ??'),
	(324,'???????? ','????','??','??',0,0,0,NULL,'','???????? ??'),
	(325,'?????? ','????','??','??',0,0,0,NULL,'','?????? ??'),
	(326,'?????? ','????','??','??',0,0,0,NULL,'','?????? ??'),
	(327,'?????? ','????','??','??',0,0,0,NULL,'','?????? ??'),
	(328,'?????? ','????','??','??',0,0,0,NULL,'','?????? ??'),
	(329,'?????? ','????','??','??',0,0,0,NULL,'','?????? ??'),
	(330,'?????? ','????','??','??',0,0,0,NULL,'','?????? ??'),
	(331,'?????????? ','????','??','??',0,0,0,NULL,'','?????????? ??'),
	(332,'?????? ','????','??','??',0,0,0,NULL,'','?????? ??'),
	(333,'?????? ','????','??','??',0,0,0,NULL,'','?????? ??'),
	(334,'?????? ','????','??','??',0,0,0,NULL,'','?????? ??'),
	(335,'?????? ','????','??','??',0,0,0,NULL,'','?????? ??'),
	(336,'???? ','????','??','??',0,0,0,NULL,'','???? ??'),
	(337,'???????? ','????','??','??',0,0,0,NULL,'','???????? ??'),
	(338,'???? ','????','??','??',0,0,0,NULL,'','???? ??'),
	(339,'???????? ','????','??','??',0,0,0,NULL,'','???????? ??'),
	(340,'?????? ','????','??','??',0,0,0,NULL,'','?????? ??'),
	(341,'???? ','????','??','??',0,0,0,NULL,'','???? ??'),
	(342,'???????? ','????','??','??',0,0,0,NULL,'','???????? ??'),
	(343,'?????? ','????','??','??',0,0,0,NULL,'','?????? ??'),
	(344,'???????? ... ','????','??','??',0,0,0,NULL,'','???????? ... ??'),
	(345,'???????? ','????','??','??',0,0,0,NULL,'','???????? ??'),
	(346,'?????? ','????','??','??',0,0,0,NULL,'','?????? ??'),
	(347,'???????? ','????','??','??',0,0,0,NULL,'','???????? ??'),
	(348,'???????? ','????','??','??',0,0,0,NULL,'','???????? ??'),
	(349,'?????? ','????','??','??',0,0,0,NULL,'','?????? ??'),
	(350,'?????? ','????','??','??',1,0,1,NULL,'','?????? ??'),
	(351,'???????? ','????','??','??',1,0,1,NULL,'','???????? ??'),
	(352,'?????? ','????','??','??',0,0,0,NULL,'','?????? ??'),
	(353,'???????????... ','????','??','??',0,0,0,NULL,'','???????????... ??'),
	(354,'???????? ','????','??','??',0,0,0,NULL,'','???????? ??'),
	(355,'?????? ','????','??','??',0,0,0,NULL,'','?????? ??'),
	(356,'?????? ','????','??','??',0,0,0,NULL,'','?????? ??'),
	(357,'??????? ','????','??','??',0,0,0,NULL,'','??????? ??'),
	(358,'?????? ','????','??','??',0,0,0,NULL,'','?????? ??'),
	(359,'??????? ','????','???','??',0,0,0,NULL,'','??????? ???'),
	(360,'?????? ','????','??','??',0,0,0,NULL,'','?????? ??'),
	(361,'?????? ','????','??','??',0,0,0,NULL,'','?????? ??'),
	(362,'??????? ','????','???','??',0,0,0,NULL,'','??????? ???'),
	(363,'??????? ','????','???','??',0,0,0,NULL,'','??????? ???'),
	(364,'?????? ','????','??','??',1,0,1,NULL,'','?????? ??'),
	(365,'???????? ','????','??','??',0,0,0,NULL,'','???????? ??'),
	(366,'?????? ','????','??','??',0,0,0,NULL,'','?????? ??'),
	(367,'?????????? ','????','??','??',0,0,0,NULL,'','?????????? ??'),
	(368,'?????? ','????','??','??',0,0,0,NULL,'','?????? ??'),
	(369,'?????? ','????','??','??',0,0,0,NULL,'','?????? ??'),
	(370,'?????? ','????','??','??',0,0,0,NULL,'','?????? ??'),
	(371,'???? ','????','??','??',0,0,0,NULL,'','???? ??'),
	(372,'?????? ','????','??','??',0,0,0,NULL,'','?????? ??'),
	(373,'?????? ','????','??','??',0,0,0,NULL,'','?????? ??'),
	(374,'???????? ','????','??','??',0,0,0,NULL,'','???????? ??'),
	(375,'?????????? ','????','??','??',0,0,0,NULL,'','?????????? ??'),
	(376,'???????? ','????','??','??',1,0,1,NULL,'','???????? ??'),
	(377,'????? ','????','??','??',0,0,0,NULL,'','????? ??'),
	(378,'?????? ','????','??','??',0,0,0,NULL,'','?????? ??'),
	(379,'?????? ','????','??','??',1,0,1,NULL,'','?????? ??'),
	(380,'?????? ','????','??','??',0,0,0,NULL,'','?????? ??'),
	(381,'?????? ','????','??','??',0,0,0,NULL,'','?????? ??'),
	(382,'????? ','????','??','??',0,0,0,NULL,'','????? ??'),
	(383,'?????? ','????','??','??',0,0,0,NULL,'','?????? ??'),
	(384,'?????????? ','????','??','??',0,0,0,NULL,'','?????????? ??'),
	(385,'???????? ','????','??','??',0,0,0,NULL,'','???????? ??'),
	(386,'????????? ','????','??','??',0,0,0,NULL,'','????????? ??'),
	(387,'???????? ','????','??','??',0,0,0,NULL,'','???????? ??'),
	(388,'?????? ','????','??','??',0,0,0,NULL,'','?????? ??'),
	(389,'?????? ','????','??','??',0,0,0,NULL,'','?????? ??'),
	(390,'?????? ','????','??','??',0,0,0,NULL,'','?????? ??'),
	(391,'?????????? ','????','??','??',0,0,0,NULL,'','?????????? ??'),
	(392,'?????? ','????','??','??',0,0,0,NULL,'','?????? ??'),
	(393,'?????????? ','????','??','??',0,0,0,NULL,'','?????????? ??'),
	(394,'?????? ','????','??','??',0,0,0,NULL,'','?????? ??'),
	(395,'?????????? ','????','??','??',0,0,0,NULL,'','?????????? ??'),
	(396,'???????? ','????','??','??',0,0,0,NULL,'','???????? ??'),
	(397,'?????? ','????','??','??',0,0,0,NULL,'','?????? ??'),
	(398,'?????? ','????','??','??',0,0,0,NULL,'','?????? ??'),
	(399,'?????? ','????','??','??',0,0,0,NULL,'','?????? ??'),
	(400,'?????? ','????','??','??',0,0,0,NULL,'','?????? ??'),
	(401,'??????????? ','????','??','??',0,0,0,NULL,'','??????????? ??'),
	(402,'?????? ','????','??','??',0,0,0,NULL,'','?????? ??'),
	(403,'???????????... ','????','??','??',0,0,0,NULL,'','???????????... ??'),
	(404,'????? ','????','??','??',0,0,0,NULL,'','????? ??'),
	(405,'?????? ','????','??','??',0,0,0,NULL,'','?????? ??'),
	(406,'?????????? ','????','??','??',0,0,0,NULL,'','?????????? ??'),
	(407,'???? ','????','??','??',0,0,0,NULL,'','???? ??'),
	(408,'?????????? ','????','??','??',0,0,0,NULL,'','?????????? ??'),
	(409,'?????? ','????','??','??',0,0,0,NULL,'','?????? ??'),
	(410,'?????? ','????','??','??',0,0,0,NULL,'','?????? ??'),
	(411,'?????? ','????','??','??',0,0,0,NULL,'','?????? ??'),
	(412,'?????? ','????','??','??',0,0,0,NULL,'','?????? ??'),
	(413,'?????????? ','????','??','??',0,0,0,NULL,'','?????????? ??'),
	(414,'???????? ','????','??','??',0,0,0,NULL,'','???????? ??'),
	(415,'???????? ','????','??','??',0,0,0,NULL,'','???????? ??'),
	(416,'?????????? ','????','??','??',0,0,0,NULL,'','?????????? ??'),
	(417,'????? ','????','??','??',0,0,0,NULL,'','????? ??'),
	(418,'?????? ','????','??','??',0,0,0,NULL,'','?????? ??'),
	(419,'?????????? ','????','??','??',0,0,0,NULL,'','?????????? ??'),
	(420,'???????????... ','????','??','??',0,0,0,NULL,'','???????????... ??'),
	(421,'???????????... ','????','??','??',0,0,0,NULL,'','???????????... ??'),
	(422,'?????????? ','????','??','??',0,0,0,NULL,'','?????????? ??'),
	(423,'???????? ','????','??','??',0,0,0,NULL,'','???????? ??'),
	(424,'?????????? ','????','??','??',0,0,0,NULL,'','?????????? ??'),
	(425,'???????? ','????','??','??',0,0,0,NULL,'','???????? ??'),
	(426,'???????? ','????','??','??',0,0,0,NULL,'','???????? ??'),
	(427,'?????????? ','????','??','??',0,0,0,NULL,'','?????????? ??'),
	(428,'???????? ','????','??','??',0,0,0,NULL,'','???????? ??'),
	(429,'?????????? ','????','??','??',0,0,0,NULL,'','?????????? ??'),
	(430,'?????????? ','????','??','??',0,0,0,NULL,'','?????????? ??'),
	(431,'?????????? ','????','??','??',0,0,0,NULL,'','?????????? ??'),
	(432,'?????? ','????','??','??',0,0,0,NULL,'','?????? ??'),
	(433,'???????????... ','????','??','??',0,0,0,NULL,'','???????????... ??'),
	(434,'???????????... ','????','??','??',0,0,0,NULL,'','???????????... ??'),
	(435,'?????????? ','????','??','??',0,0,0,NULL,'','?????????? ??'),
	(436,'????????? ','????','??','??',0,0,0,NULL,'','????????? ??'),
	(437,'????????? ','????','???','??',0,0,0,NULL,'','????????? ???'),
	(438,'?????????? ','????','??','??',0,0,0,NULL,'','?????????? ??'),
	(439,'?????????? ','????','??','??',0,0,0,NULL,'','?????????? ??'),
	(440,'?????? ','????','??','??',0,0,0,NULL,'','?????? ??'),
	(441,'???????? ','????','??','??',0,0,0,NULL,'','???????? ??'),
	(442,'?????????? ','????','??','??',0,0,0,NULL,'','?????????? ??'),
	(443,'???????? ','????','??','??',0,0,0,NULL,'','???????? ??'),
	(444,'???????? ','????','??','??',0,0,0,NULL,'','???????? ??'),
	(445,'?????????? ','????','??','??',0,0,0,NULL,'','?????????? ??'),
	(446,'?????? ','????','??','??',0,0,0,NULL,'','?????? ??'),
	(447,'???????????... ','????','??','??',0,0,0,NULL,'','???????????... ??'),
	(448,'?????????? ','????','??','??',0,0,0,NULL,'','?????????? ??'),
	(449,'?????? ','????','??','??',0,0,0,NULL,'','?????? ??'),
	(450,'???????? ','????','??','??',0,0,0,NULL,'','???????? ??'),
	(451,'???????? ','????','??','??',0,0,0,NULL,'','???????? ??'),
	(452,'?????? ','????','??','??',1,0,0,NULL,'','?????? ??'),
	(453,'?????? ','????','??','??',1,0,1,NULL,'','?????? ??'),
	(454,'???????? ','????','??','??',0,0,0,NULL,'','???????? ??'),
	(455,'?????? ','????','??','??',0,0,0,NULL,'','?????? ??'),
	(456,'?????????? ','????','??','??',0,0,0,NULL,'','?????????? ??'),
	(457,'?????? ','????','??','??',0,0,0,NULL,'','?????? ??'),
	(458,'?????? ','????','??','??',0,0,0,NULL,'','?????? ??'),
	(459,'?????? ','????','??','??',0,0,0,NULL,'','?????? ??'),
	(460,'?????? ','????','??','??',0,0,0,NULL,'','?????? ??'),
	(461,'?????? ','????','??','??',0,0,0,NULL,'','?????? ??'),
	(462,'?????? ','????','??','??',0,0,0,NULL,'','?????? ??'),
	(463,'?????? ','????','??','??',0,0,0,NULL,'','?????? ??'),
	(464,'?????? ','????','??','??',0,0,0,NULL,'','?????? ??'),
	(465,'?????? ','????','??','??',0,0,0,NULL,'','?????? ??'),
	(466,'?????????? ','????','??','??',0,0,0,NULL,'','?????????? ??'),
	(467,'?????? ','????','??','??',0,0,0,NULL,'','?????? ??'),
	(468,'?????? ','????','??','??',0,0,0,NULL,'','?????? ??'),
	(469,'?????? ','????','??','??',0,0,0,NULL,'','?????? ??'),
	(470,'?????? ','????','??','??',0,0,0,NULL,'','?????? ??'),
	(471,'?????? ','????','??','??',0,0,0,NULL,'','?????? ??'),
	(472,'???????? ','????','??','??',0,0,0,NULL,'','???????? ??'),
	(473,'?????? ','????','??','??',0,0,0,NULL,'','?????? ??'),
	(474,'?????? ','????','??','??',0,0,0,NULL,'','?????? ??'),
	(475,'???????? ','????','??','??',0,0,0,NULL,'','???????? ??'),
	(476,'???????? ','????','??','??',0,0,0,NULL,'','???????? ??'),
	(477,'?????????? ','????','??','??',0,0,0,NULL,'','?????????? ??'),
	(478,'?????? ','????','??','??',0,0,0,NULL,'','?????? ??'),
	(479,'???????? ','????','??','??',0,0,0,NULL,'','???????? ??'),
	(480,'???????? ','????','??','??',0,0,0,NULL,'','???????? ??'),
	(481,'???????? ','????','??','??',0,0,0,NULL,'','???????? ??'),
	(482,'???????? ','????','??','??',0,0,0,NULL,'','???????? ??'),
	(483,'???????? ','????','??','??',0,0,0,NULL,'','???????? ??'),
	(484,'?????????? ','????','??','??',0,0,0,NULL,'','?????????? ??'),
	(485,'?????????? ','????','??','??',0,0,0,NULL,'','?????????? ??'),
	(486,'?????????? ','????','??','??',0,0,0,NULL,'','?????????? ??'),
	(487,'??????????? ','????','???','??',0,0,0,NULL,'','??????????? ???'),
	(488,'?????? ','????','??','??',0,0,0,NULL,'','?????? ??'),
	(489,'?????? ','????','??','??',0,0,0,NULL,'','?????? ??'),
	(490,'?????? ','????','??','??',0,0,0,NULL,'','?????? ??'),
	(491,'?????????? ','????','??','??',0,0,0,NULL,'','?????????? ??'),
	(492,'????????? ','????','???','??',0,0,0,NULL,'','????????? ???'),
	(493,'???????? ','????','??','??',0,0,0,NULL,'','???????? ??'),
	(494,'???????? ','????','??','??',0,0,0,NULL,'','???????? ??'),
	(495,'???????? ','????','??','??',0,0,0,NULL,'','???????? ??'),
	(496,'?????????? ','????','??','??',0,0,0,NULL,'','?????????? ??'),
	(497,'?????????? ','????','??','??',0,0,0,NULL,'','?????????? ??'),
	(498,'?????????? ','????','??','??',0,0,0,NULL,'','?????????? ??'),
	(499,'???????? ','????','??','??',0,0,0,NULL,'','???????? ??'),
	(500,'?????????? ','????','??','??',0,0,0,NULL,'','?????????? ??'),
	(501,'?????????? ','????','??','??',0,0,0,NULL,'','?????????? ??'),
	(502,'??????????? ','????','???','??',0,0,0,NULL,'','??????????? ???'),
	(503,'???????? ','????','??','??',0,0,0,NULL,'','???????? ??'),
	(504,'?????????? ','????','??','??',0,0,0,NULL,'','?????????? ??'),
	(505,'???????????... ','????','??','??',0,0,0,NULL,'','???????????... ??'),
	(506,'???????? ','????','??','??',0,0,0,NULL,'','???????? ??'),
	(507,'?????????? ','????','??','??',0,0,0,NULL,'','?????????? ??'),
	(508,'???????? ','????','??','??',0,0,0,NULL,'','???????? ??'),
	(509,'???????? ','????','??','??',0,0,0,NULL,'','???????? ??'),
	(510,'???????? ','????','??','??',0,0,0,NULL,'','???????? ??'),
	(511,'?????????? ','????','??','??',0,0,0,NULL,'','?????????? ??'),
	(512,'???????? ','????','??','??',0,0,0,NULL,'','???????? ??'),
	(513,'???????? ','????','??','??',0,0,0,NULL,'','???????? ??'),
	(514,'?????????? ','????','??','??',0,0,0,NULL,'','?????????? ??'),
	(515,'?????? ','????','??','??',0,0,0,NULL,'','?????? ??'),
	(516,'???????? ','????','??','??',0,0,0,NULL,'','???????? ??'),
	(517,'?????????? ','????','??','??',0,0,0,NULL,'','?????????? ??'),
	(518,'???????????... ','????','??','??',0,0,0,NULL,'','???????????... ??'),
	(519,'???????????... ','????','??','??',0,0,0,NULL,'','???????????... ??'),
	(520,'??????????? ','??','??','??',0,0,0,NULL,'','??????????? ??'),
	(521,'?????? ','????','??','??',0,0,0,NULL,'','?????? ??'),
	(522,'?????????? ','????','??','??',0,0,0,NULL,'','?????????? ??'),
	(523,'???????????... ','????','???','??',0,0,0,NULL,'','???????????... ???'),
	(524,'???????????... ','????','??','??',0,0,0,NULL,'','???????????... ??'),
	(525,'???????? ... ','????','??','??',0,0,0,NULL,'','???????? ... ??'),
	(526,'???????? ','??','??','??',0,0,0,NULL,'','???????? ??'),
	(527,'??????? ','????','??','??',1,0,1,NULL,'','??????? ??'),
	(528,'????????? ','????','??','??',0,0,0,NULL,'','????????? ??'),
	(529,'?????? ','????','??','??',1,0,0,NULL,'','?????? ??'),
	(530,'???? ','????','??','??',0,0,0,NULL,'','???? ??'),
	(531,'??????? ','????','??','??',0,0,0,NULL,'','??????? ??'),
	(532,'??????? ','????','??','??',0,0,0,NULL,'','??????? ??'),
	(533,'??????? ','????','??','??',1,0,1,NULL,'','??????? ??'),
	(534,'?????? ','????','??','??',0,0,0,NULL,'','?????? ??'),
	(535,'??????? ','????','??','??',0,0,0,NULL,'','??????? ??'),
	(536,'?????????? ','????','??','??',0,0,0,NULL,'','?????????? ??'),
	(537,'????????? ','????','??','??',0,0,0,NULL,'','????????? ??'),
	(538,'?????? ','????','??','??',0,0,0,NULL,'','?????? ??'),
	(539,'?????? ','????','??','??',0,0,0,NULL,'','?????? ??'),
	(540,'???????? ','????','??','??',0,0,0,NULL,'','???????? ??'),
	(541,'?????? ','????','??','??',0,0,0,NULL,'','?????? ??'),
	(542,'???????? ','????','??','??',0,0,0,NULL,'','???????? ??'),
	(543,'???????? ','????','??','??',0,0,0,NULL,'','???????? ??'),
	(544,'???????? ','????','??','??',0,0,0,NULL,'','???????? ??'),
	(545,'???????? ','????','??','??',0,0,0,NULL,'','???????? ??'),
	(546,'?????? ','????','??','??',0,0,0,NULL,'','?????? ??'),
	(547,'???????? ','????','??','??',0,0,0,NULL,'','???????? ??'),
	(548,'?????????? ','????','??','??',0,0,0,NULL,'','?????????? ??'),
	(549,'????????? ','????','??','??',0,0,0,NULL,'','????????? ??'),
	(550,'??????????? ','????','??','??',0,0,0,NULL,'','??????????? ??'),
	(551,'???????? ','????','??','??',0,0,0,NULL,'','???????? ??'),
	(552,'????????? ','????','??','??',0,0,0,NULL,'','????????? ??'),
	(553,'?????????? ','????','??','??',0,0,0,NULL,'','?????????? ??'),
	(554,'????????? ','????','??','??',0,0,0,NULL,'','????????? ??'),
	(555,'??????? ','????','??','??',0,0,0,NULL,'','??????? ??'),
	(556,'????????? ','????','??','??',0,0,0,NULL,'','????????? ??'),
	(557,'???????????... ','????','??','??',0,0,0,NULL,'','???????????... ??'),
	(558,'???????????... ','????','??','??',0,0,0,NULL,'','???????????... ??'),
	(559,'?????????? ','????','??','??',0,0,0,NULL,'','?????????? ??'),
	(560,'???????? ','????','??','??',0,0,0,NULL,'','???????? ??'),
	(561,'???????? ','????','??','??',0,0,0,NULL,'','???????? ??'),
	(562,'?????????? ','????','??','??',0,0,0,NULL,'','?????????? ??'),
	(563,'?????????? ','????','??','??',0,0,0,NULL,'','?????????? ??'),
	(564,'???????? ','????','??','??',0,0,0,NULL,'','???????? ??'),
	(565,'???????? ','????','??','??',0,0,0,NULL,'','???????? ??'),
	(566,'?????????? ','????','??','??',0,0,0,NULL,'','?????????? ??'),
	(567,'????????? ','????','??','??',0,0,0,NULL,'','????????? ??'),
	(568,'?????????? ','????','??','??',0,0,0,NULL,'','?????????? ??'),
	(569,'???????????... ','????','??','??',0,0,0,NULL,'','???????????... ??'),
	(570,'??????? ','????','??','??',0,0,0,NULL,'','??????? ??'),
	(571,'????????? ','????','???','??',0,0,0,NULL,'','????????? ???'),
	(572,'???????????... ','????','??','??',0,0,0,NULL,'','???????????... ??'),
	(573,'?????????? ','????','??','??',0,0,0,NULL,'','?????????? ??'),
	(574,'???????? ','????','???','??',0,0,0,NULL,'','???????? ???'),
	(575,'?????????? ','??','??','??',0,0,0,NULL,'','?????????? ??'),
	(576,'??????????? ','??','??','??',0,0,0,NULL,'','??????????? ??'),
	(577,'???????????... ','????','??','??',0,0,0,NULL,'','???????????... ??'),
	(578,'????????? ','??','??','??',0,0,0,NULL,'','????????? ??'),
	(579,'???????? ','??','??','??',0,0,0,NULL,'','???????? ??'),
	(580,'??????? ','????','??','??',0,0,0,NULL,'','??????? ??'),
	(581,'?????????? ','????','??','??',0,0,0,NULL,'','?????????? ??'),
	(582,'???????? ','??????','??','??',0,0,0,NULL,'','???????? ??'),
	(583,'???????? ... ','????','??','??',0,0,0,NULL,'','???????? ... ??'),
	(584,'???????? ... ','????','??','??',0,0,0,NULL,'','???????? ... ??'),
	(585,'????? ','????','??','??',0,0,0,NULL,'','????? ??'),
	(586,'???????? ... ','????','??','??',0,0,0,NULL,'','???????? ... ??'),
	(587,'???????? ','????','??','??',0,0,0,NULL,'','???????? ??'),
	(588,'????? ','????','??','??',0,0,0,NULL,'','????? ??'),
	(589,'???????? ... ','????','??','??',0,0,0,NULL,'','???????? ... ??'),
	(590,'??????? ','????','??','??',0,0,0,NULL,'','??????? ??'),
	(591,'?????? ','????','??','??',0,0,0,NULL,'','?????? ??'),
	(592,'??????? ','????','??','??',1,0,1,NULL,'','??????? ??'),
	(593,'?????? ','????','??','??',0,0,1,NULL,'','?????? ??'),
	(594,'??????? ','????','??','??',0,0,0,NULL,'','??????? ??'),
	(595,'?????? ','????','??','??',0,0,0,NULL,'','?????? ??'),
	(596,'????? ','????','??','??',0,0,0,NULL,'','????? ??'),
	(597,'?????? ','????','??','??',0,0,0,NULL,'','?????? ??'),
	(598,'????? ','????','??','??',0,0,0,NULL,'','????? ??'),
	(599,'??????? ','????','???','??',0,0,0,NULL,'','??????? ???'),
	(600,'?????? ','????','??','??',0,0,0,NULL,'','?????? ??'),
	(601,'????? ','????','??','??',0,0,0,NULL,'','????? ??'),
	(602,'?????? ','????','??','??',0,0,0,NULL,'','?????? ??'),
	(603,'??????? ','????','??','??',0,0,0,NULL,'','??????? ??'),
	(604,'?????? ','????','??','??',0,0,0,NULL,'','?????? ??'),
	(605,'????? ','????','??','??',0,0,0,NULL,'','????? ??'),
	(606,'??????? ','????','??','??',0,0,0,NULL,'','??????? ??'),
	(607,'??????? ','????','???','??',0,0,0,NULL,'','??????? ???'),
	(608,'???????? ','????','???','??',0,0,0,NULL,'','???????? ???'),
	(609,'?????? ','????','???','??',0,0,0,NULL,'','?????? ???'),
	(610,'??????? ','????','??','??',0,0,0,NULL,'','??????? ??'),
	(611,'?????? ','????','??','??',0,0,0,NULL,'','?????? ??'),
	(612,'????? ','????','??','??',0,0,0,NULL,'','????? ??'),
	(613,'??????? ','????','??','??',0,0,0,NULL,'','??????? ??'),
	(614,'?????? ','????','??','??',1,0,1,NULL,'','?????? ??'),
	(615,'?????? ','????','??','??',0,0,0,NULL,'','?????? ??'),
	(616,'??????? ','????','??','??',0,0,0,NULL,'','??????? ??'),
	(617,'?????? ','????','??','??',0,0,0,NULL,'','?????? ??'),
	(618,'????? ','????','??','??',0,0,0,NULL,'','????? ??'),
	(619,'????? ','????','??','??',0,0,0,NULL,'','????? ??'),
	(620,'??????? ','????','??','??',0,0,0,NULL,'','??????? ??'),
	(621,'?????? ','????','??','??',0,0,0,NULL,'','?????? ??'),
	(622,'??????? ','????','??','??',0,0,0,NULL,'','??????? ??'),
	(623,'??????? ','????','??','??',0,0,0,NULL,'','??????? ??'),
	(624,'????? ','????','??','??',0,0,0,NULL,'','????? ??'),
	(625,'????? ','????','??','??',0,0,0,NULL,'','????? ??'),
	(626,'????? ','????','??','??',0,0,0,NULL,'','????? ??'),
	(627,'????? ','????','??','??',0,0,0,NULL,'','????? ??'),
	(628,'??????? ','????','??','??',0,0,0,NULL,'','??????? ??'),
	(629,'?????????? ','????','??','??',0,0,0,NULL,'','?????????? ??'),
	(630,'????? ','????','??','??',0,0,0,NULL,'','????? ??'),
	(631,'???????? ','????','??','??',0,0,0,NULL,'','???????? ??'),
	(632,'?????? ','????','??','??',0,0,0,NULL,'','?????? ??'),
	(633,'????? ','????','??','??',0,0,0,NULL,'','????? ??'),
	(634,'??????? ','????','??','??',0,0,0,NULL,'','??????? ??'),
	(635,'??????? ','????','??','??',0,0,0,NULL,'','??????? ??'),
	(636,'?????? ','????','??','??',0,0,0,NULL,'','?????? ??'),
	(637,'????? ','????','??','??',0,0,0,NULL,'','????? ??'),
	(638,'??????? ','????','??','??',0,0,0,NULL,'','??????? ??'),
	(639,'????? ','????','??','??',0,0,0,NULL,'','????? ??'),
	(640,'?????? ','????','??','??',0,0,0,NULL,'','?????? ??'),
	(641,'??????? ','????','??','??',0,0,0,NULL,'','??????? ??'),
	(642,'??????? ','????','??','??',0,0,0,NULL,'','??????? ??'),
	(643,'????? ','????','??','??',0,0,0,NULL,'','????? ??'),
	(644,'?????? ','????','??','??',0,0,0,NULL,'','?????? ??'),
	(645,'????? ','????','??','??',0,0,0,NULL,'','????? ??'),
	(646,'??????? ','????','??','??',0,0,0,NULL,'','??????? ??'),
	(647,'????? ','????','??','??',0,0,0,NULL,'','????? ??'),
	(648,'????? ','????','??','??',0,0,0,NULL,'','????? ??'),
	(649,'????? ','????','??','??',0,0,0,NULL,'','????? ??'),
	(650,'?????? ','????','??','??',0,0,0,NULL,'','?????? ??'),
	(651,'?????? ','????','??','??',0,0,0,NULL,'','?????? ??'),
	(652,'?????? ','????','??','??',0,0,0,NULL,'','?????? ??'),
	(653,'?????? ','????','??','??',0,0,0,NULL,'','?????? ??'),
	(654,'?????? ','????','??','??',0,0,0,NULL,'','?????? ??'),
	(655,'?????? ','????','??','??',0,0,0,NULL,'','?????? ??'),
	(656,'?????? ','????','??','??',0,0,0,NULL,'','?????? ??'),
	(657,'?????? ','????','??','??',0,0,0,NULL,'','?????? ??'),
	(658,'?????? ','????','??','??',0,0,0,NULL,'','?????? ??'),
	(659,'????? ','????','??','??',0,0,0,NULL,'','????? ??'),
	(660,'??????? ','????','??','??',0,0,0,NULL,'','??????? ??'),
	(661,'?????? ','????','??','??',0,0,0,NULL,'','?????? ??'),
	(662,'??????? ','????','???','??',0,0,0,NULL,'','??????? ???'),
	(663,'???????????... ','????','??','??',0,0,0,NULL,'','???????????... ??'),
	(664,'?????????? ','????','??','??',0,0,0,NULL,'','?????????? ??'),
	(665,'?????????? ','????','??','??',0,0,0,NULL,'','?????????? ??'),
	(666,'????? ','????','??','??',0,0,0,NULL,'','????? ??'),
	(667,'??????????? ','????','??','??',0,0,0,NULL,'','??????????? ??'),
	(668,'?????????? ','????','??','??',0,0,0,NULL,'','?????????? ??'),
	(669,'????? ','????','??','??',0,0,0,NULL,'','????? ??'),
	(670,'?????????? ','????','??','??',0,0,0,NULL,'','?????????? ??'),
	(671,'?????? ','????','??','??',0,0,0,NULL,'','?????? ??'),
	(672,'?????????? ','????','??','??',0,0,0,NULL,'','?????????? ??'),
	(673,'?????????? ','????','??','??',0,0,0,NULL,'','?????????? ??'),
	(674,'?????????? ','????','??','??',0,0,0,NULL,'','?????????? ??'),
	(675,'?????????? ','????','??','??',0,0,0,NULL,'','?????????? ??'),
	(676,'?????????? ','????','??','??',0,0,0,NULL,'','?????????? ??'),
	(677,'??????????? ','????','??','??',0,0,0,NULL,'','??????????? ??'),
	(678,'?????????? ','????','??','??',0,0,0,NULL,'','?????????? ??'),
	(679,'?????????? ','????','??','??',0,0,0,NULL,'','?????????? ??'),
	(680,'???????? ','????','??','??',0,0,0,NULL,'','???????? ??'),
	(681,'?????????? ','????','??','??',0,0,0,NULL,'','?????????? ??'),
	(682,'?????????? ','????','??','??',0,0,0,NULL,'','?????????? ??'),
	(683,'?????????? ','????','??','??',0,0,0,NULL,'','?????????? ??'),
	(684,'??????????? ','????','??','??',0,0,0,NULL,'','??????????? ??'),
	(685,'?????????? ','????','??','??',0,0,0,NULL,'','?????????? ??'),
	(686,'???????????... ','????','??','??',0,0,0,NULL,'','???????????... ??'),
	(687,'??????????? ','????','??','??',0,0,0,NULL,'','??????????? ??'),
	(688,'?????????? ','????','??','??',0,0,0,NULL,'','?????????? ??'),
	(689,'???????????... ','????','??','??',0,0,0,NULL,'','???????????... ??'),
	(690,'?????? ','????','??','??',0,0,0,NULL,'','?????? ??'),
	(691,'?????? ','????','??','??',1,1,1,NULL,'','?????? ??'),
	(692,'????? ','????','??','??',0,0,0,NULL,'','????? ??'),
	(693,'?????? ','????','??','??',1,0,1,NULL,'','?????? ??'),
	(694,'????? ','????','??','??',0,0,0,NULL,'','????? ??'),
	(695,'?????? ','????','??','??',0,0,0,NULL,'','?????? ??'),
	(696,'?????? ','????','??','??',0,0,0,NULL,'','?????? ??'),
	(697,'??????? ','????','???','??',0,0,0,NULL,'','??????? ???'),
	(698,'?????? ','????','??','??',0,0,0,NULL,'','?????? ??'),
	(699,'?????? ','????','??','??',0,0,0,NULL,'','?????? ??'),
	(700,'?????? ','????','??','??',0,0,0,NULL,'','?????? ??'),
	(701,'????????? ','????','???','??',0,0,0,NULL,'','????????? ???'),
	(702,'?????? ','????','???','??',0,0,1,NULL,'','?????? ???'),
	(703,'?????? ','????','???','??',1,0,1,NULL,'','?????? ???'),
	(704,'?????? ','????','??','??',0,0,0,NULL,'','?????? ??'),
	(705,'?????? ','????','??','??',0,0,0,NULL,'','?????? ??'),
	(706,'?????? ','????','??','??',1,0,1,NULL,'','?????? ??'),
	(707,'?????? ','????','??','??',0,0,0,NULL,'','?????? ??'),
	(708,'?????? ','????','??','??',0,0,0,NULL,'','?????? ??'),
	(709,'?????? ','????','??','??',0,0,0,NULL,'','?????? ??'),
	(710,'?????? ','????','??','??',0,0,0,NULL,'','?????? ??'),
	(711,'?????? ','????','??','??',0,0,0,NULL,'','?????? ??'),
	(712,'?????? ','????','??','??',0,0,0,NULL,'','?????? ??'),
	(713,'?????? ','????','??','??',0,0,0,NULL,'','?????? ??'),
	(714,'?????? ','????','??','??',0,0,0,NULL,'','?????? ??'),
	(715,'?????? ','????','??','??',1,0,1,NULL,'','?????? ??'),
	(716,'?????? ','????','??','??',0,0,0,NULL,'','?????? ??'),
	(717,'???????? ','????','??','??',0,0,0,NULL,'','???????? ??'),
	(718,'?????? ','????','??','??',0,0,0,NULL,'','?????? ??'),
	(719,'?????? ','????','??','??',0,0,1,NULL,'','?????? ??'),
	(720,'?????? ','????','??','??',0,0,0,NULL,'','?????? ??'),
	(721,'?????? ','????','??','??',0,0,0,NULL,'','?????? ??'),
	(722,'???????? ','????','??','??',1,1,1,NULL,'','???????? ??'),
	(723,'?????? ','????','??','??',0,0,0,NULL,'','?????? ??'),
	(724,'?????? ','????','??','??',0,0,0,NULL,'','?????? ??'),
	(725,'?????????? ','????','??','??',0,0,0,NULL,'','?????????? ??'),
	(726,'???????? ','????','??','??',0,0,0,NULL,'','???????? ??'),
	(727,'?????????? ','????','??','??',0,0,0,NULL,'','?????????? ??'),
	(728,'?????? ','????','??','??',0,0,0,NULL,'','?????? ??'),
	(729,'???????? ','????','??','??',0,0,0,NULL,'','???????? ??'),
	(730,'???????? ','????','??','??',0,0,0,NULL,'','???????? ??'),
	(731,'???????? ','????','??','??',0,0,0,NULL,'','???????? ??'),
	(732,'???????????... ','????','??','??',0,0,0,NULL,'','???????????... ??'),
	(733,'???????????... ','????','??','??',0,0,0,NULL,'','???????????... ??'),
	(734,'?????????? ','????','??','??',0,0,0,NULL,'','?????????? ??'),
	(735,'???????? ','????','??','??',0,0,0,NULL,'','???????? ??'),
	(736,'?????????? ','????','??','??',0,0,0,NULL,'','?????????? ??'),
	(737,'?????? ','????','??','??',0,0,0,NULL,'','?????? ??'),
	(738,'?????????? ','????','??','??',0,0,0,NULL,'','?????????? ??'),
	(739,'?????????? ','????','??','??',0,0,0,NULL,'','?????????? ??'),
	(740,'?????????? ','????','??','??',0,0,0,NULL,'','?????????? ??'),
	(741,'?????????? ','????','??','??',0,0,0,NULL,'','?????????? ??'),
	(742,'???????????... ','????','??','??',0,0,0,NULL,'','???????????... ??'),
	(743,'???????????... ','????','??','??',0,0,0,NULL,'','???????????... ??'),
	(744,'?????????? ','????','??','??',0,0,0,NULL,'','?????????? ??'),
	(745,'??????????? ','????','???','??',0,0,0,NULL,'','??????????? ???'),
	(746,'??????????? ','????','???','??',0,0,0,NULL,'','??????????? ???'),
	(747,'??????????? ','????','???','??',0,0,0,NULL,'','??????????? ???'),
	(748,'???????????... ','????','??','??',0,0,0,NULL,'','???????????... ??'),
	(749,'???????????... ','????','??','??',0,0,0,NULL,'','???????????... ??'),
	(750,'?????????? ','????','??','??',0,0,0,NULL,'','?????????? ??'),
	(751,'?????????? ','????','??','??',0,0,0,NULL,'','?????????? ??'),
	(752,'?????????? ','????','??','??',0,0,0,NULL,'','?????????? ??'),
	(753,'???????????... ','????','??','??',0,0,0,NULL,'','???????????... ??'),
	(754,'??????????? ','????','???','??',0,0,0,NULL,'','??????????? ???'),
	(755,'?????????? ','????','??','??',0,0,0,NULL,'','?????????? ??'),
	(756,'?????????? ','????','??','??',0,0,0,NULL,'','?????????? ??'),
	(757,'?????????? ','????','??','??',0,0,0,NULL,'','?????????? ??'),
	(758,'?????????? ','????','??','??',0,0,0,NULL,'','?????????? ??'),
	(759,'?????????? ','????','??','??',0,0,0,NULL,'','?????????? ??'),
	(760,'???????????... ','????','??','??',0,0,0,NULL,'','???????????... ??'),
	(761,'???????? ','????','??','??',0,0,0,NULL,'','???????? ??'),
	(762,'?????????? ','????','??','??',0,0,0,NULL,'','?????????? ??'),
	(763,'???????????... ','????','??','??',0,0,0,NULL,'','???????????... ??'),
	(764,'???????????... ','????','??','??',0,0,0,NULL,'','???????????... ??'),
	(765,'?????????? ','????','??','??',0,0,0,NULL,'','?????????? ??'),
	(766,'?????????? ','????','???','??',0,0,0,NULL,'','?????????? ???'),
	(767,'?????????? ','????','??','??',0,0,0,NULL,'','?????????? ??'),
	(768,'??????????? ','????','???','??',0,0,0,NULL,'','??????????? ???'),
	(769,'?????????? ','????','??','??',0,0,0,NULL,'','?????????? ??'),
	(770,'???????????... ','????','??','??',0,0,0,NULL,'','???????????... ??'),
	(771,'???????????... ','????','??','??',0,0,0,NULL,'','???????????... ??'),
	(772,'??????????? ','????','???','??',0,0,0,NULL,'','??????????? ???'),
	(773,'?????????? ','????','??','??',0,0,0,NULL,'','?????????? ??'),
	(774,'?????????? ','????','??','??',0,0,0,NULL,'','?????????? ??'),
	(775,'???????? ','????','??','??',0,0,0,NULL,'','???????? ??'),
	(776,'???????????... ','????','??','??',0,0,0,NULL,'','???????????... ??'),
	(777,'?????????? ','????','??','??',0,0,0,NULL,'','?????????? ??'),
	(778,'?????????? ','????','??','??',0,0,0,NULL,'','?????????? ??'),
	(779,'???????????... ','????','??','??',0,0,0,NULL,'','???????????... ??'),
	(780,'?????????? ','????','??','??',0,0,0,NULL,'','?????????? ??'),
	(781,'???????????... ','????','??','??',0,0,0,NULL,'','???????????... ??'),
	(782,'???????? ','????','??','??',0,0,0,NULL,'','???????? ??'),
	(783,'????????? ','????','???','??',0,0,0,NULL,'','????????? ???'),
	(784,'?????????? ','????','??','??',0,0,0,NULL,'','?????????? ??'),
	(785,'???????? ','????','??','??',0,0,0,NULL,'','???????? ??'),
	(786,'?????? ','????','??','??',0,1,1,NULL,'','?????? ??'),
	(787,'?????? ','????','??','??',0,0,0,NULL,'','?????? ??'),
	(788,'?????? ','????','??','??',0,0,0,NULL,'','?????? ??'),
	(789,'?????? ','????','??','??',0,0,0,NULL,'','?????? ??'),
	(790,'?????? ','????','??','??',0,0,0,NULL,'','?????? ??'),
	(791,'?????? ','????','??','??',0,0,0,NULL,'','?????? ??'),
	(792,'?????? ','????','??','??',0,0,0,NULL,'','?????? ??'),
	(793,'?????? ','????','??','??',0,0,0,NULL,'','?????? ??'),
	(794,'?????? ','????','??','??',0,0,0,NULL,'','?????? ??'),
	(795,'?????? ','????','??','??',0,0,0,NULL,'','?????? ??'),
	(796,'?????? ','????','??','??',0,0,0,NULL,'','?????? ??'),
	(797,'?????? ','????','??','??',0,0,0,NULL,'','?????? ??'),
	(798,'?????????? ','????','??','??',0,0,0,NULL,'','?????????? ??'),
	(799,'??????????? ','????','??','??',0,0,0,NULL,'','??????????? ??'),
	(800,'???????????... ','????','??','??',0,0,0,NULL,'','???????????... ??'),
	(801,'???????? ','????','??','??',0,0,0,NULL,'','???????? ??'),
	(802,'?????????? ','????','??','??',0,0,0,NULL,'','?????????? ??'),
	(803,'????????? ','????','???','??',0,0,0,NULL,'','????????? ???'),
	(804,'?????? ','????','??','??',0,0,0,NULL,'','?????? ??'),
	(805,'????? ','????','??','??',0,0,0,1,'','????? ??'),
	(806,'?????? ','????','??','??',0,0,0,NULL,'','?????? ??'),
	(807,'?????? ','????','??','??',0,0,1,NULL,'','?????? ??'),
	(808,'?????? ','????','??','??',0,0,0,NULL,'','?????? ??'),
	(809,'?????? ','????','??','??',0,0,0,NULL,'','?????? ??'),
	(810,'?????? ','????','??','??',0,0,0,NULL,'','?????? ??'),
	(811,'??????? ','????','???','??',0,0,0,NULL,'','??????? ???'),
	(812,'?????? ','????','??','??',0,0,0,NULL,'','?????? ??'),
	(813,'?????? ','????','??','??',0,0,0,NULL,'','?????? ??'),
	(814,'?????? ','????','??','??',0,0,0,NULL,'','?????? ??'),
	(815,'?????? ','????','??','??',0,0,0,NULL,'','?????? ??'),
	(816,'?????? ','????','??','??',0,0,0,NULL,'','?????? ??'),
	(817,'?????? ','????','??','??',0,0,0,NULL,'','?????? ??'),
	(818,'?????? ','????','??','??',0,0,0,NULL,'','?????? ??'),
	(819,'?????? ','????','??','??',0,0,0,NULL,'','?????? ??'),
	(820,'?????????? ','????','??','??',0,0,0,NULL,'','?????????? ??'),
	(821,'???????? ','????','??','??',0,0,0,NULL,'','???????? ??'),
	(822,'???????????... ','????','??','??',0,0,0,NULL,'','???????????... ??'),
	(823,'?????????? ','????','??','??',0,0,0,NULL,'','?????????? ??'),
	(824,'???????????... ','????','??','??',0,0,0,NULL,'','???????????... ??'),
	(825,'???????????... ','????','??','??',0,0,0,NULL,'','???????????... ??'),
	(826,'????????? ','????','???','??',0,0,0,NULL,'','????????? ???'),
	(827,'???????????... ','????','??','??',0,0,0,NULL,'','???????????... ??'),
	(828,'???????????... ','????','??','??',0,0,0,NULL,'','???????????... ??'),
	(829,'???????? ','????','??','??',0,0,0,NULL,'','???????? ??'),
	(830,'?????????? ','????','??','??',0,0,0,NULL,'','?????????? ??'),
	(831,'?????????? ','????','??','??',0,0,0,NULL,'','?????????? ??'),
	(832,'?????????? ','????','??','??',0,0,0,NULL,'','?????????? ??'),
	(833,'?????????? ','????','??','??',0,0,0,NULL,'','?????????? ??'),
	(834,'???????? ','????','??','??',0,0,0,NULL,'','???????? ??'),
	(835,'???????? ','????','??','??',0,0,0,NULL,'','???????? ??'),
	(836,'?????????? ','????','??','??',0,0,0,NULL,'','?????????? ??'),
	(837,'???????? ','????','??','??',0,0,0,NULL,'','???????? ??'),
	(838,'???????? ','????','??','??',0,0,0,NULL,'','???????? ??'),
	(839,'???????? ','????','??','??',0,0,0,NULL,'','???????? ??'),
	(840,'?????? ','????','??','??',1,0,1,NULL,'','?????? ??'),
	(841,'?????? ','????','??','??',1,0,1,NULL,'','?????? ??'),
	(842,'?????? ','????','??','??',0,0,0,NULL,'','?????? ??'),
	(843,'?????? ','????','??','??',1,0,0,NULL,'','?????? ??'),
	(844,'?????? ','????','??','??',1,0,0,NULL,'','?????? ??'),
	(845,'?????? ','????','??','??',0,0,0,NULL,'','?????? ??'),
	(846,'?????? ','????','??','??',0,0,0,NULL,'','?????? ??'),
	(847,'?????? ','????','??','??',0,0,0,NULL,'','?????? ??'),
	(848,'?????? ','????','??','??',0,0,0,NULL,'','?????? ??'),
	(849,'?????? ','????','??','??',0,0,0,NULL,'','?????? ??'),
	(850,'?????? ','????','??','??',0,0,0,NULL,'','?????? ??'),
	(851,'?????? ','????','??','??',0,0,0,NULL,'','?????? ??'),
	(852,'?????? ','????','??','??',0,0,0,NULL,'','?????? ??'),
	(853,'?????? ','????','??','??',0,0,0,NULL,'','?????? ??'),
	(854,'?????? ','????','??','??',0,0,0,NULL,'','?????? ??'),
	(855,'?????? ','????','??','??',0,0,0,NULL,'','?????? ??'),
	(856,'?????? ','????','??','??',0,0,0,NULL,'','?????? ??'),
	(857,'?????? ','????','??','??',0,0,0,NULL,'','?????? ??'),
	(858,'?????? ','????','??','??',0,0,0,NULL,'','?????? ??'),
	(859,'?????? ','????','??','??',0,0,0,NULL,'','?????? ??'),
	(860,'?????? ','????','??','??',0,0,0,NULL,'','?????? ??'),
	(861,'?????? ','????','??','??',0,0,0,NULL,'','?????? ??'),
	(862,'?????? ','????','??','??',0,0,0,NULL,'','?????? ??'),
	(863,'?????? ','????','??','??',0,0,0,NULL,'','?????? ??'),
	(864,'?????? ','????','??','??',0,0,0,NULL,'','?????? ??'),
	(865,'?????? ','????','??','??',0,0,0,NULL,'','?????? ??'),
	(866,'?????? ','????','??','??',0,0,0,NULL,'','?????? ??'),
	(867,'?????? ','????','??','??',0,0,0,NULL,'','?????? ??'),
	(868,'???????? ','????','??','??',0,0,0,NULL,'','???????? ??'),
	(869,'???????????... ','????','??','??',0,0,0,NULL,'','???????????... ??'),
	(870,'?????? ','????','??','??',0,0,0,NULL,'','?????? ??'),
	(871,'????????? ','????','???','??',0,0,0,NULL,'','????????? ???'),
	(872,'?????????? ','????','??','??',0,0,0,NULL,'','?????????? ??'),
	(873,'?????????? ','????','??','??',0,0,0,NULL,'','?????????? ??'),
	(874,'???????? ','????','??','??',0,0,0,NULL,'','???????? ??'),
	(875,'?????????? ','????','??','??',0,0,0,NULL,'','?????????? ??'),
	(876,'???????? ','????','??','??',0,0,0,NULL,'','???????? ??'),
	(877,'?????? ','????','??','??',0,0,0,NULL,'','?????? ??'),
	(878,'???????? ','????','??','??',0,0,0,NULL,'','???????? ??'),
	(879,'???????? ','????','??','??',0,0,0,NULL,'','???????? ??'),
	(880,'???????? ','????','??','??',0,0,0,NULL,'','???????? ??'),
	(881,'???????? ','????','??','??',0,0,0,NULL,'','???????? ??'),
	(882,'???????? ','????','??','??',0,0,0,NULL,'','???????? ??'),
	(883,'???????? ','????','??','??',0,0,0,NULL,'','???????? ??'),
	(884,'???????? ','????','??','??',0,0,0,NULL,'','???????? ??'),
	(885,'???????? ','????','??','??',0,0,0,NULL,'','???????? ??'),
	(886,'?????????? ','????','??','??',0,0,0,NULL,'','?????????? ??'),
	(887,'?????????? ','????','??','??',0,0,0,NULL,'','?????????? ??'),
	(888,'???????? ','????','??','??',0,0,0,NULL,'','???????? ??'),
	(889,'?????????? ','????','??','??',0,0,0,NULL,'','?????????? ??'),
	(890,'???????? ','????','??','??',0,0,0,NULL,'','???????? ??'),
	(891,'???????? ','????','??','??',0,0,0,NULL,'','???????? ??'),
	(892,'?????????? ','????','??','??',0,0,0,NULL,'','?????????? ??'),
	(893,'???????? ','????','??','??',0,0,0,NULL,'','???????? ??'),
	(894,'?????????? ','????','??','??',0,0,0,NULL,'','?????????? ??'),
	(895,'?????????? ','????','??','??',0,0,0,NULL,'','?????????? ??'),
	(896,'?????? ','????','??','??',0,0,0,NULL,'','?????? ??'),
	(897,'?????? ','????','??','??',0,0,0,NULL,'','?????? ??'),
	(898,'?????????? ','????','??','??',0,0,0,NULL,'','?????????? ??'),
	(899,'???????????... ','????','??','??',0,0,0,NULL,'','???????????... ??'),
	(900,'?????? ','????','??','??',0,0,0,NULL,'','?????? ??'),
	(901,'???????????... ','????','??','??',0,0,0,NULL,'','???????????... ??'),
	(902,'?????????? ','????','??','??',0,0,0,NULL,'','?????????? ??'),
	(903,'???????? ','????','??','??',0,0,0,NULL,'','???????? ??'),
	(904,'??????????? ','????','???','??',0,0,0,NULL,'','??????????? ???'),
	(905,'????????? ','????','???','??',0,0,0,NULL,'','????????? ???'),
	(906,'?????????? ','????','??','??',0,0,0,NULL,'','?????????? ??'),
	(907,'???????? ','????','??','??',0,0,0,NULL,'','???????? ??'),
	(908,'???????? ','????','??','??',0,0,0,NULL,'','???????? ??'),
	(909,'???????? ','????','??','??',0,0,0,NULL,'','???????? ??'),
	(910,'?????????? ','????','??','??',0,0,0,NULL,'','?????????? ??'),
	(911,'?????????? ','????','??','??',0,0,0,NULL,'','?????????? ??'),
	(912,'???????? ','????','??','??',0,0,0,NULL,'','???????? ??'),
	(913,'?????????? ','????','??','??',0,0,0,NULL,'','?????????? ??'),
	(914,'???????? ','????','??','??',0,0,0,NULL,'','???????? ??'),
	(915,'?????????? ','????','??','??',0,0,0,NULL,'','?????????? ??'),
	(916,'???????? ','????','??','??',0,0,0,NULL,'','???????? ??'),
	(917,'???????????... ','????','??','??',0,0,0,NULL,'','???????????... ??'),
	(918,'?????????? ','????','??','??',0,0,0,NULL,'','?????????? ??'),
	(919,'?????????? ','????','??','??',0,0,0,NULL,'','?????????? ??'),
	(920,'?????????? ','????','??','??',0,0,0,NULL,'','?????????? ??'),
	(921,'???????? ','????','??','??',0,0,0,NULL,'','???????? ??'),
	(922,'?????? ','????','??','??',0,0,0,NULL,'','?????? ??'),
	(923,'???????????... ','??????','??','??',0,0,0,NULL,'','???????????... ??'),
	(924,'?????? ','????','???','??',0,0,0,NULL,'','?????? ???'),
	(925,'???????????... ','????','??','??',0,0,0,NULL,'','???????????... ??'),
	(926,'???????????... ','??????','??','??',0,0,0,NULL,'','???????????... ??'),
	(927,'???????????... ','??????','??','??',0,0,0,NULL,'','???????????... ??'),
	(928,'???????????... ','????','??','??',0,0,0,NULL,'','???????????... ??'),
	(929,'?????????? ','??','??','??',0,0,0,NULL,'','?????????? ??'),
	(930,'???????? ','??','??','??',0,0,0,NULL,'','???????? ??'),
	(931,'???????????... ','??????','??','??',0,0,0,NULL,'','???????????... ??'),
	(932,'?????????? ','????','??','??',0,0,0,NULL,'','?????????? ??'),
	(933,'???????????... ','????','??','??',0,0,0,NULL,'','???????????... ??'),
	(934,'?????? ','????','??','??',0,0,0,NULL,'','?????? ??'),
	(935,'??????? ','????','??','??',0,0,0,NULL,'','??????? ??'),
	(936,'?????????? ','????','??','??',0,0,0,NULL,'','?????????? ??'),
	(937,'??????????? ','????','??','??',0,0,0,NULL,'','??????????? ??'),
	(938,'????????? ','????','???','??',0,0,0,NULL,'','????????? ???'),
	(939,'?????????? ','????','??','??',0,0,0,NULL,'','?????????? ??'),
	(940,'???????????... ','????','??','??',0,0,0,NULL,'','???????????... ??'),
	(941,'????????? ','????','??','??',0,0,1,NULL,'','????????? ??'),
	(942,'????????? ','????','??','??',0,0,1,NULL,'','????????? ??'),
	(943,'???????????... ','????','??','??',0,1,1,NULL,'','???????????... ??'),
	(944,'???????????... ','????','??','??',0,0,0,NULL,'','???????????... ??'),
	(945,'????????? ','????','??','??',0,0,0,NULL,'','????????? ??'),
	(946,'?????? ','????','??','??',0,0,0,NULL,'','?????? ??'),
	(947,'?????? ','????','??','??',0,0,0,NULL,'','?????? ??'),
	(948,'???????????... ','????','??','??',0,0,0,NULL,'','???????????... ??'),
	(949,'????????? ','????','??','??',0,0,0,NULL,'','????????? ??'),
	(950,'????????? ','????','??','??',0,0,0,NULL,'','????????? ??'),
	(951,'????????? ','????','??','??',0,0,0,NULL,'','????????? ??'),
	(952,'????????? ','????','??','??',0,0,0,NULL,'','????????? ??'),
	(953,'????????? ','????','??','??',0,0,0,NULL,'','????????? ??'),
	(954,'???????????... ','????','??','??',0,0,0,NULL,'','???????????... ??'),
	(955,'????????? ','????','??','??',0,0,0,NULL,'','????????? ??'),
	(956,'??????????? ','????','??','??',0,0,0,NULL,'','??????????? ??'),
	(957,'???????????... ','????','??','??',0,0,0,NULL,'','???????????... ??'),
	(958,'??????? ','????','??','??',0,0,0,NULL,'','??????? ??'),
	(959,'?????????? ','????','??','??',0,0,0,NULL,'','?????????? ??'),
	(960,'??????? ','????','??','??',0,0,0,NULL,'','??????? ??'),
	(961,'??????? ','????','??','??',0,0,0,NULL,'','??????? ??'),
	(962,'????????? ','????','??','??',0,0,0,NULL,'','????????? ??'),
	(963,'????????? ','????','??','??',0,0,0,NULL,'','????????? ??'),
	(964,'???????????... ','????','??','??',0,0,0,NULL,'','???????????... ??'),
	(965,'????????? ','????','??','??',0,0,0,NULL,'','????????? ??'),
	(966,'????????? ','????','??','??',0,0,0,NULL,'','????????? ??'),
	(967,'??????????? ','????','??','??',0,0,0,NULL,'','??????????? ??'),
	(968,'????????? ','????','??','??',0,0,0,NULL,'','????????? ??'),
	(969,'????????? ','????','??','??',0,0,0,NULL,'','????????? ??'),
	(970,'???????? ','????','??','??',0,0,0,NULL,'','???????? ??'),
	(971,'????????? ','????','??','??',0,0,0,NULL,'','????????? ??'),
	(972,'???????? ','????','??','??',0,0,0,NULL,'','???????? ??'),
	(973,'?????? ','????','??','??',0,0,0,NULL,'','?????? ??'),
	(974,'????????? ','????','??','??',0,0,0,NULL,'','????????? ??'),
	(975,'???????? ','????','??','??',0,0,0,NULL,'','???????? ??'),
	(976,'???????? ','????','??','??',0,0,0,NULL,'','???????? ??'),
	(977,'?????????? ','????','??','??',0,0,0,NULL,'','?????????? ??'),
	(978,'?????? ','????','??','??',0,0,0,NULL,'','?????? ??'),
	(979,'?????????? ','????','??','??',0,0,0,NULL,'','?????????? ??'),
	(980,'?????? ','????','??','??',0,0,0,NULL,'','?????? ??'),
	(981,'????????? ','????','??','??',0,0,0,NULL,'','????????? ??'),
	(982,'???????? ','????','??','??',0,0,0,NULL,'','???????? ??'),
	(983,'?????? ','????','??','??',0,0,0,NULL,'','?????? ??'),
	(984,'???????? ','????','??','??',0,0,0,NULL,'','???????? ??'),
	(985,'???????????... ','????','???','??',0,0,0,NULL,'','???????????... ???'),
	(986,'????????? ','????','??','??',0,0,0,NULL,'','????????? ??'),
	(987,'??????????? ','????','??','??',0,0,0,NULL,'','??????????? ??'),
	(988,'????????? ','????','??','??',0,0,0,NULL,'','????????? ??'),
	(989,'??????? ','????','??','??',0,0,0,NULL,'','??????? ??'),
	(990,'????????? ','????','??','??',0,0,0,NULL,'','????????? ??'),
	(991,'????????? ','????','??','??',0,0,0,NULL,'','????????? ??'),
	(992,'????????? ','????','??','??',0,0,0,NULL,'','????????? ??'),
	(993,'???????????... ','????','??','??',0,0,0,NULL,'','???????????... ??'),
	(994,'????????? ','????','??','??',0,0,0,NULL,'','????????? ??'),
	(995,'???????????... ','????','??','??',0,0,0,NULL,'','???????????... ??'),
	(996,'??????????? ','????','??','??',0,0,0,NULL,'','??????????? ??'),
	(997,'??????????? ','????','??','??',0,0,0,NULL,'','??????????? ??'),
	(998,'???????? ','????','??','??',0,0,0,NULL,'','???????? ??'),
	(999,'??????????? ','????','??','??',0,0,0,NULL,'','??????????? ??'),
	(1000,'???????? ','????','??','??',0,0,0,NULL,'','???????? ??'),
	(1001,'?????????? ','????','??','??',0,0,0,NULL,'','?????????? ??'),
	(1002,'????????? ','????','??','??',0,0,0,NULL,'','????????? ??'),
	(1003,'??????? ','????','??','??',0,0,0,NULL,'','??????? ??'),
	(1004,'??????? ','????','??','????',0,0,0,NULL,'','??????? ??'),
	(1005,'???????????... ','????','??','????',0,0,0,NULL,'','???????????... ??'),
	(1006,'???????????... ','????','??','????',0,0,0,NULL,'','???????????... ??'),
	(1007,'???????????... ','????','??','????',0,0,0,NULL,'','???????????... ??'),
	(1008,'???????????... ','????','??','????',0,0,0,NULL,'','???????????... ??'),
	(1009,'???????????... ','????','??','????',0,0,0,NULL,'','???????????... ??'),
	(1010,'???? ','??????','??','????',0,0,0,NULL,'','???? ??'),
	(1011,'??????????? ','??????','??','????',0,0,0,NULL,'','??????????? ??'),
	(1012,'?????????? ','??????','??','????',0,0,0,NULL,'','?????????? ??'),
	(1013,'???????????... ','??????','??','????',0,0,0,NULL,'','???????????... ??'),
	(1014,'????????? ','??????','??','????',0,0,0,NULL,'','????????? ??'),
	(1015,'???????????... ','??????','??','????',0,0,0,NULL,'','???????????... ??'),
	(1016,'????-????? ','??????','??','????',0,0,0,NULL,'','????-????? ??'),
	(1017,'???? ','??????','??','????',0,0,0,NULL,'','???? ??'),
	(1018,'???????????... ','??????','??','????',0,0,0,NULL,'','???????????... ??'),
	(1019,'??????????? ','??????','??','????',0,0,0,NULL,'','??????????? ??'),
	(1020,'???????? ','??????','??','????',0,0,0,NULL,'','???????? ??'),
	(1021,'???????????... ','??????','??','????',0,0,0,NULL,'','???????????... ??'),
	(1022,'?????????? ','??????','??','????',0,0,0,NULL,'','?????????? ??'),
	(1023,'???????????... ','??????','??','????',0,0,0,NULL,'','???????????... ??'),
	(1024,'????????? ','??????','??','????',0,0,0,NULL,'','????????? ??'),
	(1025,'???????????... ','??????','??','????',0,0,0,NULL,'','???????????... ??'),
	(1026,'??????????? ','??????','??','????',0,0,0,NULL,'','??????????? ??'),
	(1027,'???????????... ','??????','??','????',0,0,0,NULL,'','???????????... ??'),
	(1028,'????ACCA???... ','??????','??','????',0,0,0,NULL,'','????ACCA???... ??'),
	(1029,'??CMA??????... ','??????','??','????',0,0,0,NULL,'','??CMA??????... ??'),
	(1030,'???????? ','??????','??','????',0,0,0,NULL,'','???????? ??'),
	(1031,'???????? ... ','????','??','????',0,0,0,NULL,'','???????? ... ??'),
	(1032,'???????? ','????','??','????',0,0,0,NULL,'','???????? ??'),
	(1033,'???????? ... ','????','??','????',0,0,0,NULL,'','???????? ... ??'),
	(1034,'???????? ... ','????','??','????',0,0,0,NULL,'','???????? ... ??'),
	(1035,'???????? ... ','????','??','????',0,0,0,NULL,'','???????? ... ??'),
	(1036,'???????? ... ','????','??','????',0,0,0,NULL,'','???????? ... ??'),
	(1037,'???????? ','????','??','????',0,0,0,NULL,'','???????? ??'),
	(1038,'???????? ... ','????','??','????',0,0,0,NULL,'','???????? ... ??'),
	(1039,'???????? ','????','??','????',0,0,0,NULL,'','???????? ??'),
	(1040,'???????? ... ','????','??','????',0,0,0,NULL,'','???????? ... ??'),
	(1041,'???????? ... ','????','??','????',0,0,0,NULL,'','???????? ... ??'),
	(1042,'?????????? ','????','??','????',0,0,0,NULL,'','?????????? ??'),
	(1043,'?????????? ','????','??','????',0,0,0,NULL,'','?????????? ??'),
	(1044,'???????? ','????','??','????',0,0,0,NULL,'','???????? ??'),
	(1045,'?????????? ','????','??','????',0,0,0,NULL,'','?????????? ??'),
	(1046,'?????????? ','????','??','????',0,0,0,NULL,'','?????????? ??'),
	(1047,'?????????? ','????','??','????',0,0,0,NULL,'','?????????? ??'),
	(1048,'???????? ','????','??','????',0,0,0,NULL,'','???????? ??'),
	(1049,'???????????... ','????','??','????',0,0,0,NULL,'','???????????... ??'),
	(1050,'?????????? ','????','??','????',0,0,0,NULL,'','?????????? ??'),
	(1051,'?????????? ','????','??','????',0,0,0,NULL,'','?????????? ??'),
	(1052,'?????????? ','????','??','????',0,0,0,NULL,'','?????????? ??'),
	(1053,'?????????? ','????','??','????',0,0,0,NULL,'','?????????? ??'),
	(1054,'???????? ','????','??','????',0,0,0,NULL,'','???????? ??'),
	(1055,'????????? ','????','??','????',0,0,0,NULL,'','????????? ??'),
	(1056,'?????????? ','????','??','????',0,0,0,NULL,'','?????????? ??'),
	(1057,'???????????... ','????','??','????',0,0,0,NULL,'','???????????... ??'),
	(1058,'???????????... ','????','??','????',0,0,0,NULL,'','???????????... ??'),
	(1059,'?????????? ','????','??','????',0,0,0,NULL,'','?????????? ??'),
	(1060,'?????????? ','????','??','????',0,0,0,NULL,'','?????????? ??'),
	(1061,'?????????? ','????','??','????',0,0,0,NULL,'','?????????? ??'),
	(1062,'???????????... ','????','??','????',0,0,0,NULL,'','???????????... ??'),
	(1063,'??????????? ','????','??','????',0,0,0,NULL,'','??????????? ??'),
	(1064,'????????? ','????','??','????',0,0,0,NULL,'','????????? ??'),
	(1065,'???????????... ','????','??','????',0,0,0,NULL,'','???????????... ??'),
	(1066,'???????? ','????','??','????',0,0,0,NULL,'','???????? ??'),
	(1067,'???????????... ','????','??','????',0,0,0,NULL,'','???????????... ??'),
	(1068,'?????????? ','????','??','????',0,0,0,NULL,'','?????????? ??'),
	(1069,'???????? ','????','??','????',0,0,0,NULL,'','???????? ??'),
	(1070,'?????????? ','????','??','????',0,0,0,NULL,'','?????????? ??'),
	(1071,'????????? ','????','??','????',0,0,0,NULL,'','????????? ??'),
	(1072,'?????????? ','????','??','????',0,0,0,NULL,'','?????????? ??'),
	(1073,'???????? ','????','??','????',0,0,0,NULL,'','???????? ??'),
	(1074,'?????????? ','????','??','????',0,0,0,NULL,'','?????????? ??'),
	(1075,'???????????... ','????','??','????',0,0,0,NULL,'','???????????... ??'),
	(1076,'?????????? ','????','??','????',0,0,0,NULL,'','?????????? ??'),
	(1077,'???????????... ','????','??','????',0,0,0,NULL,'','???????????... ??'),
	(1078,'???????????... ','????','??','????',0,0,0,NULL,'','???????????... ??'),
	(1079,'???????????... ','????','??','????',0,0,0,NULL,'','???????????... ??'),
	(1080,'?????????? ','????','??','????',0,0,0,NULL,'','?????????? ??'),
	(1081,'????????? ','????','??','????',0,0,0,NULL,'','????????? ??'),
	(1082,'?????????? ','????','??','????',0,0,0,NULL,'','?????????? ??'),
	(1083,'???????? ','????','??','????',0,0,0,NULL,'','???????? ??'),
	(1084,'?????? ','????','??','????',0,0,0,NULL,'','?????? ??'),
	(1085,'???????? ','????','??','????',0,0,0,NULL,'','???????? ??'),
	(1086,'?????????? ','????','??','????',0,0,0,NULL,'','?????????? ??'),
	(1087,'???????? ','????','??','????',0,0,0,NULL,'','???????? ??'),
	(1088,'???????? ','????','??','????',0,0,0,NULL,'','???????? ??'),
	(1089,'???????????... ','????','??','????',0,0,0,NULL,'','???????????... ??'),
	(1090,'???????????... ','????','??','????',0,0,0,NULL,'','???????????... ??'),
	(1091,'??????????? ','????','??','????',0,0,0,NULL,'','??????????? ??'),
	(1092,'?????????? ','????','??','????',0,0,0,NULL,'','?????????? ??'),
	(1093,'???????? ','????','??','????',0,0,0,NULL,'','???????? ??'),
	(1094,'?????????? ','????','??','????',0,0,0,NULL,'','?????????? ??'),
	(1095,'???????????... ','????','??','????',0,0,0,NULL,'','???????????... ??'),
	(1096,'?????????? ','????','??','????',0,0,0,NULL,'','?????????? ??'),
	(1097,'?????????? ','????','??','????',0,0,0,NULL,'','?????????? ??'),
	(1098,'???????????... ','????','??','????',0,0,0,NULL,'','???????????... ??'),
	(1099,'?????????? ','????','??','????',0,0,0,NULL,'','?????????? ??'),
	(1100,'?????????? ','????','??','????',0,0,0,NULL,'','?????????? ??'),
	(1101,'??????????? ','????','??','????',0,0,0,NULL,'','??????????? ??'),
	(1102,'?????????? ','????','??','????',0,0,0,NULL,'','?????????? ??'),
	(1103,'?????????? ','????','??','????',0,0,0,NULL,'','?????????? ??'),
	(1104,'?????????? ','????','??','????',0,0,0,NULL,'','?????????? ??'),
	(1105,'?????????? ','????','??','????',0,0,0,NULL,'','?????????? ??'),
	(1106,'???????????... ','????','??','????',0,0,0,NULL,'','???????????... ??'),
	(1107,'???????????... ','????','??','????',0,0,0,NULL,'','???????????... ??'),
	(1108,'???????????... ','????','??','????',0,0,0,NULL,'','???????????... ??'),
	(1109,'?????????? ','????','??','????',0,0,0,NULL,'','?????????? ??'),
	(1110,'?????????? ','????','??','????',0,0,0,NULL,'','?????????? ??'),
	(1111,'??????????? ','????','??','????',0,0,0,NULL,'','??????????? ??'),
	(1112,'?????????? ','????','??','????',0,0,0,NULL,'','?????????? ??'),
	(1113,'?????????? ','????','??','????',0,0,0,NULL,'','?????????? ??'),
	(1114,'?????????? ','????','??','????',0,0,0,NULL,'','?????????? ??'),
	(1115,'???????? ','????','??','????',0,0,0,NULL,'','???????? ??'),
	(1116,'??????????? ','????','??','????',0,0,0,NULL,'','??????????? ??'),
	(1117,'???????? ','????','??','????',0,0,0,NULL,'','???????? ??'),
	(1118,'???????????... ','????','??','????',0,0,0,NULL,'','???????????... ??'),
	(1119,'?????????? ','????','??','????',0,0,0,NULL,'','?????????? ??'),
	(1120,'??????? ','????','???','????',0,0,0,NULL,'','??????? ???'),
	(1121,'?????????? ','????','???','????',0,0,0,NULL,'','?????????? ???'),
	(1122,'???????????... ','????','???','????',0,0,0,NULL,'','???????????... ???'),
	(1123,'???????? ','????','??','????',0,0,0,NULL,'','???????? ??'),
	(1124,'???????? ','????','??','????',0,0,0,NULL,'','???????? ??'),
	(1125,'?????????? ','????','??','????',0,0,0,NULL,'','?????????? ??'),
	(1126,'?????????? ','????','??','????',0,0,0,NULL,'','?????????? ??'),
	(1127,'????????? ','????','??','????',0,0,0,NULL,'','????????? ??'),
	(1128,'?????????? ','????','??','????',0,0,0,NULL,'','?????????? ??'),
	(1129,'????????? ','????','??','????',0,0,0,NULL,'','????????? ??'),
	(1130,'?????????? ','????','??','????',0,0,0,NULL,'','?????????? ??'),
	(1131,'???????? ','????','??','????',0,0,0,NULL,'','???????? ??'),
	(1132,'???????? ','????','??','????',0,0,0,NULL,'','???????? ??'),
	(1133,'?????????? ','????','??','????',0,0,0,NULL,'','?????????? ??'),
	(1134,'?????????? ','????','??','????',0,0,0,NULL,'','?????????? ??'),
	(1135,'?????????? ','????','??','????',0,0,0,NULL,'','?????????? ??'),
	(1136,'???????? ','????','??','????',0,0,0,NULL,'','???????? ??'),
	(1137,'?????????? ','????','??','????',0,0,0,NULL,'','?????????? ??'),
	(1138,'?????????? ','????','??','????',0,0,0,NULL,'','?????????? ??'),
	(1139,'???????????... ','????','??','????',0,0,0,NULL,'','???????????... ??'),
	(1140,'?????????? ','????','??','????',0,0,0,NULL,'','?????????? ??'),
	(1141,'?????????? ','????','??','????',0,0,0,NULL,'','?????????? ??'),
	(1142,'???????? ... ','????','??','????',0,0,0,NULL,'','???????? ... ??'),
	(1143,'??????? ','????','???','????',0,0,0,NULL,'','??????? ???'),
	(1144,'???????? ... ','????','??','????',0,0,0,NULL,'','???????? ... ??'),
	(1145,'???????? ... ','????','??','????',0,0,0,NULL,'','???????? ... ??'),
	(1146,'???????? ... ','????','??','????',0,0,0,NULL,'','???????? ... ??'),
	(1147,'???????? ... ','????','??','????',0,0,0,NULL,'','???????? ... ??'),
	(1148,'???????? ... ','????','??','????',0,0,0,NULL,'','???????? ... ??'),
	(1149,'???????? ... ','????','??','????',0,0,0,NULL,'','???????? ... ??'),
	(1150,'???????? ','????','??','????',0,0,0,NULL,'','???????? ??'),
	(1151,'???????? ','????','??','????',0,0,0,NULL,'','???????? ??'),
	(1152,'???????? ... ','????','??','????',0,0,0,NULL,'','???????? ... ??'),
	(1153,'???????? ... ','????','??','????',0,0,0,NULL,'','???????? ... ??'),
	(1154,'???????? ','????','??','????',0,0,0,NULL,'','???????? ??'),
	(1155,'???????? ... ','????','??','????',0,0,0,NULL,'','???????? ... ??'),
	(1156,'???????? ... ','????','??','????',0,0,0,NULL,'','???????? ... ??'),
	(1157,'???????? ... ','????','??','????',0,0,0,NULL,'','???????? ... ??'),
	(1158,'???????? ... ','????','??','????',0,0,0,NULL,'','???????? ... ??'),
	(1159,'???????? ','????','??','????',0,0,0,NULL,'','???????? ??'),
	(1160,'???????? ','????','??','????',0,0,0,NULL,'','???????? ??'),
	(1161,'???????????... ','????','??','????',0,0,0,NULL,'','???????????... ??'),
	(1162,'???????? ','????','??','????',0,0,0,NULL,'','???????? ??'),
	(1163,'?????????? ','????','??','????',0,0,0,NULL,'','?????????? ??'),
	(1164,'?????????? ','????','??','????',0,0,0,NULL,'','?????????? ??'),
	(1165,'?????????? ','????','??','????',0,0,0,NULL,'','?????????? ??'),
	(1166,'???????? ','????','??','????',0,0,0,NULL,'','???????? ??'),
	(1167,'?????????? ','????','??','????',0,0,0,NULL,'','?????????? ??'),
	(1168,'???????????... ','????','???','????',0,0,0,NULL,'','???????????... ???'),
	(1169,'???????????... ','????','??','????',0,0,0,NULL,'','???????????... ??'),
	(1170,'?????????? ','????','??','????',0,0,0,NULL,'','?????????? ??'),
	(1171,'?????????? ','????','??','????',0,0,0,NULL,'','?????????? ??'),
	(1172,'?????????? ','????','??','????',0,0,0,NULL,'','?????????? ??'),
	(1173,'???????? ','????','??','????',0,0,0,NULL,'','???????? ??'),
	(1174,'?????????? ','????','??','????',0,0,0,NULL,'','?????????? ??'),
	(1175,'?????????? ','????','??','????',0,0,0,NULL,'','?????????? ??'),
	(1176,'???? ','????','??','????',0,0,0,NULL,'','???? ??'),
	(1177,'???? ','????','??','????',0,0,0,NULL,'','???? ??'),
	(1178,'?????????? ','????','??','????',0,0,0,NULL,'','?????????? ??'),
	(1179,'???????? ','????','??','????',0,0,0,NULL,'','???????? ??'),
	(1180,'?????????? ','????','??','????',0,0,0,NULL,'','?????????? ??'),
	(1181,'?????????? ','????','??','????',0,0,0,NULL,'','?????????? ??'),
	(1182,'?????????? ','????','??','????',0,0,0,NULL,'','?????????? ??'),
	(1183,'???????? ','????','??','????',0,0,0,NULL,'','???????? ??'),
	(1184,'?????????? ','????','??','????',0,0,0,NULL,'','?????????? ??'),
	(1185,'?????????? ','????','??','????',0,0,0,NULL,'','?????????? ??'),
	(1186,'???? ','????','??','????',0,0,0,NULL,'','???? ??'),
	(1187,'???? ','????','??','????',0,0,0,NULL,'','???? ??'),
	(1188,'?????????? ','????','??','????',0,0,0,NULL,'','?????????? ??'),
	(1189,'???????? ','????','??','????',0,0,0,NULL,'','???????? ??'),
	(1190,'?????????? ','????','??','????',0,0,0,NULL,'','?????????? ??'),
	(1191,'?????????? ','????','??','????',0,0,0,NULL,'','?????????? ??'),
	(1192,'?????????? ','????','??','????',0,0,0,NULL,'','?????????? ??'),
	(1193,'????????? ','????','??','????',0,0,0,NULL,'','????????? ??'),
	(1194,'?????????? ','????','??','????',0,0,0,NULL,'','?????????? ??'),
	(1195,'???????? ','????','??','????',0,0,0,NULL,'','???????? ??'),
	(1196,'???????? ','????','??','????',0,0,0,NULL,'','???????? ??'),
	(1197,'???????? ','????','??','????',0,0,0,NULL,'','???????? ??'),
	(1198,'?????????? ','????','??','????',0,0,0,NULL,'','?????????? ??'),
	(1199,'?????????? ','????','??','????',0,0,0,NULL,'','?????????? ??'),
	(1200,'?????????? ','????','??','????',0,0,0,NULL,'','?????????? ??'),
	(1201,'?????????? ','????','??','????',0,0,0,NULL,'','?????????? ??'),
	(1202,'?????????? ','????','??','????',0,0,0,NULL,'','?????????? ??'),
	(1203,'?????????? ','????','??','????',0,0,0,NULL,'','?????????? ??'),
	(1204,'?????????? ','????','??','????',0,0,0,NULL,'','?????????? ??'),
	(1205,'???????????... ','????','??','????',0,0,0,NULL,'','???????????... ??'),
	(1206,'???????? ','????','??','????',0,0,0,NULL,'','???????? ??'),
	(1207,'???????? ','????','??','????',0,0,0,NULL,'','???????? ??'),
	(1208,'?????????? ','????','??','????',0,0,0,NULL,'','?????????? ??'),
	(1209,'?????????? ','????','??','????',0,0,0,NULL,'','?????????? ??'),
	(1210,'?????????? ','????','??','????',0,0,0,NULL,'','?????????? ??'),
	(1211,'???????? ','????','??','????',0,0,0,NULL,'','???????? ??'),
	(1212,'?????????? ','????','??','????',0,0,0,NULL,'','?????????? ??'),
	(1213,'??????????? ','????','???','????',0,0,0,NULL,'','??????????? ???'),
	(1214,'?????? ','????','???','????',0,0,0,NULL,'','?????? ???'),
	(1215,'?????????? ','????','??','????',0,0,0,NULL,'','?????????? ??'),
	(1216,'????? ','????','??','????',0,0,0,NULL,'','????? ??'),
	(1217,'???????? ','????','??','????',0,0,0,NULL,'','???????? ??'),
	(1218,'?????? ','????','??','????',0,0,0,NULL,'','?????? ??'),
	(1219,'?????????? ','????','??','????',0,0,0,NULL,'','?????????? ??'),
	(1220,'?????????? ','????','??','????',0,0,0,NULL,'','?????????? ??'),
	(1221,'???????????... ','????','??','????',0,0,0,NULL,'','???????????... ??'),
	(1222,'???????? ','????','??','????',0,0,0,NULL,'','???????? ??'),
	(1223,'???????? ','????','??','????',0,0,0,NULL,'','???????? ??'),
	(1224,'???????? ','????','??','????',0,0,0,NULL,'','???????? ??'),
	(1225,'?????????? ','????','??','????',0,0,0,NULL,'','?????????? ??'),
	(1226,'?????? ','????','??','????',0,0,0,NULL,'','?????? ??'),
	(1227,'???????? ','????','??','????',0,0,0,NULL,'','???????? ??'),
	(1228,'???????? ','????','??','????',0,0,0,NULL,'','???????? ??'),
	(1229,'?????? ','????','??','????',0,0,0,NULL,'','?????? ??'),
	(1230,'????? ','????','???','????',0,0,0,NULL,'','????? ???'),
	(1231,'????????? ','????','??','????',0,0,0,NULL,'','????????? ??'),
	(1232,'????????? ','????','??','????',0,0,0,NULL,'','????????? ??'),
	(1233,'?????? ','????','??','????',0,0,0,NULL,'','?????? ??'),
	(1234,'?????? ','????','??','????',0,0,0,NULL,'','?????? ??'),
	(1235,'???????? ','????','??','????',0,0,0,NULL,'','???????? ??'),
	(1236,'???? ','????','??','????',0,0,0,NULL,'','???? ??'),
	(1237,'?????????? ','????','??','????',0,0,0,NULL,'','?????????? ??'),
	(1238,'?????????? ','????','??','????',0,0,0,NULL,'','?????????? ??'),
	(1239,'?????? ','????','??','????',0,0,0,NULL,'','?????? ??'),
	(1240,'???????? ','????','??','????',0,0,0,NULL,'','???????? ??'),
	(1241,'?????? ','????','??','????',0,0,0,NULL,'','?????? ??'),
	(1242,'?????? ','????','??','????',0,0,0,NULL,'','?????? ??'),
	(1243,'????????? ','????','??','????',0,0,0,NULL,'','????????? ??'),
	(1244,'???????? ','????','??','????',0,0,0,NULL,'','???????? ??'),
	(1245,'???????? ','????','??','????',0,0,0,NULL,'','???????? ??'),
	(1246,'??????? ','????','??','????',0,0,0,NULL,'','??????? ??'),
	(1247,'?????? ','????','??','????',0,0,0,NULL,'','?????? ??'),
	(1248,'?????????? ','????','??','????',0,0,0,NULL,'','?????????? ??'),
	(1249,'???????? ','????','??','????',0,0,0,NULL,'','???????? ??'),
	(1250,'???????? ','????','??','????',0,0,0,NULL,'','???????? ??'),
	(1251,'?????? ','????','??','????',0,0,0,NULL,'','?????? ??'),
	(1252,'?????? ','????','??','????',0,0,0,NULL,'','?????? ??'),
	(1253,'?????????? ','????','??','????',0,0,0,NULL,'','?????????? ??'),
	(1254,'?????????? ','????','??','????',0,0,0,NULL,'','?????????? ??'),
	(1255,'?????? ','????','??','????',0,0,0,NULL,'','?????? ??'),
	(1256,'?????????? ','????','??','????',0,0,0,NULL,'','?????????? ??'),
	(1257,'???????? ','????','??','????',0,0,0,NULL,'','???????? ??'),
	(1258,'????????? ','????','??','????',0,0,0,NULL,'','????????? ??'),
	(1259,'????????? ','????','???','????',0,0,0,NULL,'','????????? ???'),
	(1260,'?????????? ','????','??','????',0,0,0,NULL,'','?????????? ??'),
	(1261,'??????','????','??','??',0,0,0,NULL,'','????????'),
	(1262,'??????','????','??','??',0,0,0,NULL,'','????????'),
	(1263,'????','????','??','??',0,0,1,NULL,'','??????'),
	(1264,'????','????','??','??',0,0,0,NULL,'','??????'),
	(1265,'????','????','??','??',0,0,0,NULL,'','??????'),
	(1266,'????','????','??','??',0,0,1,NULL,'','??????'),
	(1267,'????','????','??','??',0,0,0,NULL,'','??????'),
	(1268,'????','????','??','??',0,0,0,NULL,'','??????'),
	(1269,'????','????','??','??',0,0,0,NULL,'','??????'),
	(1270,'????','????','??','??',0,0,1,NULL,'','??????'),
	(1271,'????','????','??','??',0,0,1,NULL,'','??????'),
	(1272,'??????','????','??','??',1,1,1,NULL,'','????????'),
	(1273,'????','????','??','??',0,0,0,NULL,'','??????'),
	(1274,'????','????','??','??',1,1,1,NULL,'','??????'),
	(1275,'??????','????','??','??',0,0,0,NULL,'','????????'),
	(1276,'????','????','??','??',0,0,0,NULL,'','??????'),
	(1277,'????','????','??','??',0,0,1,NULL,'','??????'),
	(1278,'????','????','??','??',0,0,1,NULL,'','??????'),
	(1279,'????','????','??','??',0,0,1,NULL,'','??????'),
	(1280,'?????','????','??','??',0,0,0,NULL,'','???????'),
	(1281,'?????','????','??','??',0,0,1,NULL,'','???????'),
	(1282,'??????','????','??','??',0,0,0,NULL,'','????????'),
	(1283,'????','????','??','??',0,0,0,NULL,'','??????'),
	(1284,'??????','????','???','??',0,0,0,NULL,'','?????????'),
	(1285,'??????????','????','??','??',0,0,0,NULL,'','????????????'),
	(1286,'????????','????','??','??',0,0,0,NULL,'','??????????'),
	(1287,'??????','????','??','??',0,0,0,NULL,'','????????'),
	(1288,'????????','????','??','??',0,0,0,NULL,'','??????????'),
	(1289,'??????????','????','??','??',0,0,0,NULL,'','????????????'),
	(1290,'??????','????','??','??',0,0,0,NULL,'','????????'),
	(1291,'????????','????','??','??',0,0,0,NULL,'','??????????'),
	(1292,'????????','????','??','??',0,0,0,NULL,'','??????????'),
	(1293,'??????','????','??','??',0,0,0,NULL,'','????????'),
	(1294,'??????','????','???','??',0,0,0,NULL,'','?????????'),
	(1295,'?????','????','??','??',0,0,0,NULL,'','???????'),
	(1296,'????','????','??','??',0,0,0,NULL,'','??????'),
	(1297,'????','????','??','??',0,0,0,NULL,'','??????'),
	(1298,'????','????','??','??',0,0,0,NULL,'','??????'),
	(1299,'??????','????','??','??',0,0,0,NULL,'','????????'),
	(1300,'????????','????','??','??',0,0,0,NULL,'','??????????'),
	(1301,'????','????','??','??',0,0,0,NULL,'','??????'),
	(1302,'????','????','??','??',0,0,0,NULL,'','??????'),
	(1303,'??????','????','??','??',0,0,0,NULL,'','????????'),
	(1304,'????','????','??','??',0,0,0,NULL,'','??????'),
	(1305,'????????','????','??','??',0,0,0,NULL,'','??????????'),
	(1306,'?????','????','???','??',0,0,0,NULL,'','????????'),
	(1307,'????','????','??','??',0,0,0,NULL,'','??????'),
	(1308,'????','????','??','??',0,0,0,NULL,'','??????'),
	(1309,'????','????','??','??',0,0,0,NULL,'','??????'),
	(1310,'????','????','??','??',0,0,0,NULL,'','??????'),
	(1311,'????','????','??','??',0,0,0,NULL,'','??????'),
	(1312,'????','????','??','??',0,0,0,NULL,'','??????'),
	(1313,'????','????','??','??',0,0,0,NULL,'','??????'),
	(1314,'??????','????','??','??',0,0,0,NULL,'','????????'),
	(1315,'????','????','??','??',0,0,0,NULL,'','??????'),
	(1316,'????????','????','??','??',0,0,0,NULL,'','??????????'),
	(1317,'????','????','??','??',0,0,0,NULL,'','??????'),
	(1318,'??????','????','??','??',0,0,0,NULL,'','????????'),
	(1319,'????','????','??','??',0,0,0,NULL,'','??????'),
	(1320,'?????????','????','??','??',0,0,0,NULL,'','???????????'),
	(1321,'????','????','??','??',0,0,0,NULL,'','??????'),
	(1322,'????????','????','??','??',0,0,0,NULL,'','??????????'),
	(1323,'????????','????','??','??',0,0,0,NULL,'','??????????'),
	(1324,'????','????','??','??',0,0,0,NULL,'','??????'),
	(1325,'??????','????','??','??',0,0,0,NULL,'','????????'),
	(1326,'????','????','??','??',0,0,0,NULL,'','??????'),
	(1327,'????','????','??','??',0,0,0,NULL,'','??????'),
	(1328,'????????','????','??','??',0,0,0,NULL,'','??????????'),
	(1329,'??????','????','??','??',0,0,0,NULL,'','????????'),
	(1330,'????','????','??','??',0,0,0,NULL,'','??????'),
	(1331,'????','????','??','??',0,0,0,NULL,'','??????'),
	(1332,'????????','????','??','??',0,0,0,NULL,'','??????????'),
	(1333,'?????','????','??','??',0,0,0,NULL,'','???????'),
	(1334,'????','????','??','??',0,0,0,NULL,'','??????'),
	(1335,'????','????','??','??',0,0,0,NULL,'','??????'),
	(1336,'??????','????','??','??',0,0,0,NULL,'','????????'),
	(1337,'??????','????','??','??',0,0,0,NULL,'','????????'),
	(1338,'??????','????','??','??',0,0,0,NULL,'','????????'),
	(1339,'?????????','????','???','??',0,0,0,NULL,'','????????????'),
	(1340,'???????','????','???','??',0,0,0,NULL,'','??????????'),
	(1341,'???????','????','???','??',0,0,0,NULL,'','??????????'),
	(1342,'???????','????','???','??',0,0,0,NULL,'','??????????'),
	(1343,'????','????','??','??',0,0,0,NULL,'','??????'),
	(1344,'????','????','??','??',0,0,0,NULL,'','??????'),
	(1345,'????????','????','??','??',0,0,0,NULL,'','??????????'),
	(1346,'??????','????','??','??',0,0,0,NULL,'','????????'),
	(1347,'????','????','??','??',0,0,0,NULL,'','??????'),
	(1348,'????','????','??','??',0,0,0,NULL,'','??????'),
	(1349,'??????','????','??','??',0,0,0,NULL,'','????????'),
	(1350,'??????????','????','??','??',0,0,0,NULL,'','????????????'),
	(1351,'??????','????','??','??',0,0,0,NULL,'','????????'),
	(1352,'????','????','??','??',0,0,0,NULL,'','??????'),
	(1353,'??????','????','??','??',0,0,0,NULL,'','????????'),
	(1354,'????','????','??','??',0,0,0,NULL,'','??????'),
	(1355,'????','????','???','??',0,0,0,NULL,'','???????'),
	(1356,'????','????','??','??',0,0,0,NULL,'','??????'),
	(1357,'????????','????','??','??',0,0,0,NULL,'','??????????'),
	(1358,'????????','????','???','??',0,0,0,NULL,'','???????????'),
	(1359,'????','????','??','??',0,0,0,NULL,'','??????'),
	(1360,'????','????','??','??',0,0,0,NULL,'','??????'),
	(1361,'????????','????','??','??',0,0,0,NULL,'','??????????'),
	(1362,'????','????','??','??',0,0,0,NULL,'','??????'),
	(1363,'????','????','??','??',0,0,0,NULL,'','??????'),
	(1364,'????????','????','??','??',0,0,0,NULL,'','??????????'),
	(1365,'????????','????','??','??',0,0,0,NULL,'','??????????'),
	(1366,'??????????','????','??','??',0,0,0,NULL,'','????????????'),
	(1367,'????????','????','??','??',0,0,0,NULL,'','??????????'),
	(1368,'????????','????','??','??',0,0,0,NULL,'','??????????'),
	(1369,'????????','????','??','??',0,0,0,NULL,'','??????????'),
	(1370,'??????????','????','??','??',0,0,0,NULL,'','????????????'),
	(1371,'????????','????','??','??',0,0,0,NULL,'','??????????'),
	(1372,'??????????','????','??','??',0,0,0,NULL,'','????????????'),
	(1373,'???????????...','????','??','??',0,0,0,NULL,'','???????????...??'),
	(1374,'????????','????','??','??',0,0,0,NULL,'','??????????'),
	(1375,'??????????','????','??','??',0,0,0,NULL,'','????????????'),
	(1376,'????????','????','??','??',0,0,0,NULL,'','??????????'),
	(1377,'????????','????','??','??',0,0,0,NULL,'','??????????'),
	(1378,'????????','????','??','??',0,0,0,NULL,'','??????????'),
	(1379,'??????','????','??','??',0,0,0,NULL,'','????????'),
	(1380,'???????????','????','??','??',0,0,0,NULL,'','?????????????'),
	(1381,'????????','????','??','??',0,0,0,NULL,'','??????????'),
	(1382,'??????????','????','??','??',0,0,0,NULL,'','????????????'),
	(1383,'??????','????','??','??',0,0,0,NULL,'','????????'),
	(1384,'????????','????','??','??',0,0,0,NULL,'','??????????'),
	(1385,'????????','????','??','??',0,0,0,NULL,'','??????????'),
	(1386,'??????','????','??','??',0,0,0,NULL,'','????????'),
	(1387,'??????','????','??','??',0,0,0,NULL,'','????????'),
	(1388,'????????','????','??','??',0,0,0,NULL,'','??????????'),
	(1389,'??????','????','??','??',0,0,0,NULL,'','????????'),
	(1390,'??????','????','??','??',0,0,0,NULL,'','????????'),
	(1391,'????????','????','??','??',0,0,0,NULL,'','??????????'),
	(1392,'??????','????','??','??',0,0,0,NULL,'','????????'),
	(1393,'????????','????','??','??',0,0,0,NULL,'','??????????'),
	(1394,'????????','????','???','??',0,0,0,NULL,'','???????????'),
	(1395,'??????????','????','??','??',0,0,0,NULL,'','????????????'),
	(1396,'????????','????','??','??',0,0,0,NULL,'','??????????'),
	(1397,'????????','????','??','??',0,0,0,NULL,'','??????????'),
	(1398,'??????????','????','??','??',0,0,0,NULL,'','????????????'),
	(1399,'??????????','????','??','??',0,0,0,NULL,'','????????????'),
	(1400,'????????','????','??','??',0,0,0,NULL,'','??????????'),
	(1401,'????????','????','??','??',0,0,0,NULL,'','??????????'),
	(1402,'??????????','????','??','??',0,0,0,NULL,'','????????????'),
	(1403,'????????','????','??','??',0,0,0,NULL,'','??????????'),
	(1404,'????????','????','??','??',0,0,0,NULL,'','??????????'),
	(1405,'????????','????','??','??',0,0,0,NULL,'','??????????'),
	(1406,'??????????','????','??','??',0,0,0,NULL,'','????????????'),
	(1407,'??????????','????','??','??',0,0,0,NULL,'','????????????'),
	(1408,'????????','????','??','??',0,0,0,NULL,'','??????????'),
	(1409,'??????????','????','??','??',0,0,0,NULL,'','????????????'),
	(1410,'??????????','????','??','??',0,0,0,NULL,'','????????????'),
	(1411,'????????','????','??','??',0,0,0,NULL,'','??????????'),
	(1412,'????????','????','??','??',0,0,0,NULL,'','??????????'),
	(1413,'????????','????','??','??',0,0,0,NULL,'','??????????'),
	(1414,'??????????','????','??','??',0,0,0,NULL,'','????????????'),
	(1415,'??????????','????','??','??',0,0,0,NULL,'','????????????'),
	(1416,'???????????...','????','??','??',0,0,0,NULL,'','???????????...??'),
	(1417,'??????????','????','??','??',0,0,0,NULL,'','????????????'),
	(1418,'?????????','????','??','??',0,0,0,NULL,'','???????????'),
	(1419,'????????','????','???','??',0,0,0,NULL,'','???????????'),
	(1420,'????????','????','???','??',0,0,0,NULL,'','???????????'),
	(1421,'????????','????','??','??',0,0,0,NULL,'','??????????'),
	(1422,'??????','????','??','??',0,0,0,NULL,'','????????'),
	(1423,'??????','????','???','??',0,0,0,NULL,'','?????????'),
	(1424,'??????????','????','??','??',0,0,0,NULL,'','????????????'),
	(1425,'??????????','????','??','??',0,0,0,NULL,'','????????????'),
	(1426,'?????????','????','???','??',0,0,0,NULL,'','????????????'),
	(1427,'??????????','????','??','??',0,0,0,NULL,'','????????????'),
	(1428,'????????','????','??','??',0,0,0,NULL,'','??????????'),
	(1429,'??????????','????','??','??',0,0,0,NULL,'','????????????'),
	(1430,'??????????','????','??','??',0,0,0,NULL,'','????????????'),
	(1431,'????????','????','??','??',0,0,0,NULL,'','??????????'),
	(1432,'??????????','????','??','??',0,0,0,NULL,'','????????????'),
	(1433,'????????','????','??','??',0,0,0,NULL,'','??????????'),
	(1434,'??????????','????','??','??',0,0,0,NULL,'','????????????'),
	(1435,'????????','????','??','??',0,0,0,NULL,'','??????????'),
	(1436,'????????','????','??','??',0,0,0,NULL,'','??????????'),
	(1437,'????????','????','??','??',0,0,0,NULL,'','??????????'),
	(1438,'????????','????','??','??',0,0,0,NULL,'','??????????'),
	(1439,'????????','????','??','??',0,0,0,NULL,'','??????????'),
	(1440,'????????','????','??','??',0,0,0,NULL,'','??????????'),
	(1441,'??????????','????','??','??',0,0,0,NULL,'','????????????'),
	(1442,'???????????...','????','??','??',0,0,0,NULL,'','???????????...??'),
	(1443,'??????','????','??','??',0,0,0,NULL,'','????????'),
	(1444,'?????????','????','??','??',0,0,0,NULL,'','???????????'),
	(1445,'????????','????','??','??',0,0,0,NULL,'','??????????'),
	(1446,'???????????','????','??','??',0,0,0,NULL,'','?????????????'),
	(1447,'??????????','????','??','??',0,0,0,NULL,'','????????????'),
	(1448,'????????','????','??','??',0,0,0,NULL,'','??????????'),
	(1449,'??????????','????','??','??',0,0,0,NULL,'','????????????'),
	(1450,'?n?????','????','??','??',0,0,0,NULL,'','?n???????'),
	(3000,'????????','????','??','??',0,0,0,NULL,'','??????????'),
	(3001,'??????????','????','??','??',0,0,0,NULL,'','????????????'),
	(3002,'??????????','????','??','??',0,0,0,NULL,'','????????????'),
	(3003,'????','??????','??','??',0,0,0,NULL,'','??????'),
	(3004,'????????','??','??','??',0,0,0,NULL,'','??????????'),
	(3005,'????????','??????','??','??',0,0,0,NULL,'','??????????'),
	(3006,'???????????...','HND??','??','??',0,0,0,NULL,'','???????????...??'),
	(3007,'????????','????','??','??',0,0,0,NULL,'','??????????'),
	(3008,'????????','????','??','??',0,0,0,NULL,'','??????????'),
	(3009,'????????','????','??','??',0,0,0,NULL,'','??????????'),
	(3010,'????????','??','??','??',0,0,0,NULL,'','??????????'),
	(3011,'???????????...','??????','??','??',0,0,0,NULL,'','???????????...??'),
	(3012,'???????????...','????','??','??',0,1,1,NULL,'','???????????...??'),
	(3013,'?????????','????','??','??',0,0,0,NULL,'','???????????'),
	(3014,'????????','????','??','??',0,0,0,NULL,'','??????????'),
	(3015,'????ACCA???...','??????','??','??',0,0,0,NULL,'','????ACCA???...??'),
	(3016,'??????????','????','??','??',0,0,0,NULL,'','????????????'),
	(3017,'????????','????','??','??',0,0,0,NULL,'','??????????'),
	(3018,'??????','????','??','??',0,0,0,NULL,'','????????'),
	(3019,'??????????','????','??','??',0,0,0,NULL,'','????????????'),
	(3020,'??????????','????','??','??',0,0,0,NULL,'','????????????'),
	(3021,'???????????','????','??','??',0,0,0,NULL,'','?????????????'),
	(3022,'??????????','????','??','??',0,0,0,NULL,'','????????????'),
	(3023,'???????????...','????','??','??',0,0,0,NULL,'','???????????...??'),
	(3024,'???????????...','????','??','??',0,0,0,NULL,'','???????????...??'),
	(3025,'??????????','????','??','??',0,0,0,NULL,'','????????????'),
	(3026,'??CMA??????...','??????','??','??',0,0,0,NULL,'','??CMA??????...??'),
	(3027,'????????','????','??','??',0,0,0,NULL,'','??????????');

/*!40000 ALTER TABLE `school` ENABLE KEYS */;
UNLOCK TABLES;


# Dump of table school_major
# ------------------------------------------------------------

DROP TABLE IF EXISTS `school_major`;

CREATE TABLE `school_major` (
  `school_major_id` int(11) unsigned NOT NULL AUTO_INCREMENT,
  `school_id` int(11) DEFAULT NULL,
  `major_id` int(11) DEFAULT NULL,
  `time_created` datetime DEFAULT NULL,
  `time_updated` datetime DEFAULT NULL,
  `number_of_male_student` int(11) DEFAULT NULL,
  PRIMARY KEY (`school_major_id`)
) ENGINE=InnoDB DEFAULT CHARSET=latin1;

LOCK TABLES `school_major` WRITE;
/*!40000 ALTER TABLE `school_major` DISABLE KEYS */;

INSERT INTO `school_major` (`school_major_id`, `school_id`, `major_id`, `time_created`, `time_updated`, `number_of_male_student`)
VALUES
	(1,230,664,NULL,NULL,NULL),
	(2,266,820,NULL,NULL,NULL),
	(3,527,820,NULL,NULL,NULL),
	(4,57,845,NULL,NULL,NULL),
	(5,57,820,NULL,NULL,NULL),
	(6,274,820,NULL,NULL,NULL),
	(7,9,820,NULL,NULL,NULL),
	(8,10,820,NULL,NULL,NULL),
	(9,11,820,NULL,NULL,NULL),
	(10,121,820,NULL,NULL,NULL),
	(11,122,820,NULL,NULL,NULL),
	(12,130,820,NULL,NULL,NULL),
	(13,805,664,NULL,NULL,NULL);

/*!40000 ALTER TABLE `school_major` ENABLE KEYS */;
UNLOCK TABLES;


# Dump of table school_major_student
# ------------------------------------------------------------

DROP TABLE IF EXISTS `school_major_student`;

CREATE TABLE `school_major_student` (
  `school_major_student_id` int(11) unsigned NOT NULL AUTO_INCREMENT,
  `school_id` int(11) unsigned NOT NULL,
  `major_id` int(11) DEFAULT NULL,
  `student_id` int(11) unsigned NOT NULL,
  `time_created` datetime DEFAULT NULL,
  `time_updated` datetime DEFAULT NULL,
  PRIMARY KEY (`school_major_student_id`)
) ENGINE=InnoDB DEFAULT CHARSET=latin1;



# Dump of table student
# ------------------------------------------------------------

DROP TABLE IF EXISTS `student`;

CREATE TABLE `student` (
  `student_id` int(11) NOT NULL AUTO_INCREMENT,
  `school_id` int(8) DEFAULT NULL,
  `major_id` int(8) DEFAULT NULL,
  `school_major_id` int(8) DEFAULT NULL,
  `student_name` varchar(20) DEFAULT NULL,
  `school_name` varchar(80) DEFAULT NULL,
  `major_name` varchar(80) DEFAULT NULL,
  `student_degree` varchar(10) DEFAULT NULL,
  `gender` varchar(2) DEFAULT NULL,
  `finish_year` varchar(4) DEFAULT NULL,
  `major_level` varchar(10) DEFAULT NULL,
  `user_id` int(11) DEFAULT NULL,
  `created_time` datetime DEFAULT NULL,
  PRIMARY KEY (`student_id`),
  KEY `ix_school_id` (`school_id`),
  KEY `ix_major_id` (`major_id`),
  KEY `ix_school_major_id` (`school_major_id`)
) ENGINE=InnoDB DEFAULT CHARSET=utf8;

LOCK TABLES `student` WRITE;
/*!40000 ALTER TABLE `student` DISABLE KEYS */;

INSERT INTO `student` (`student_id`, `school_id`, `major_id`, `school_major_id`, `student_name`, `school_name`, `major_name`, `student_degree`, `gender`, `finish_year`, `major_level`, `user_id`, `created_time`)
VALUES
	(1,57,546,1,'???','16','????','??',NULL,NULL,NULL,NULL,NULL),
	(2,57,546,1,'??','????','????','??',NULL,NULL,NULL,NULL,NULL),
	(3,57,546,1,'???','????','????','??',NULL,NULL,NULL,NULL,NULL),
	(4,57,546,1,'???','????','????','??',NULL,NULL,NULL,NULL,NULL),
	(5,172,71,2,'???','???????','?????','??',NULL,NULL,NULL,NULL,NULL),
	(6,9,341,6,'???','????','???????','??',NULL,NULL,NULL,NULL,NULL),
	(7,57,547,7,'???','????','????','??',NULL,NULL,NULL,NULL,NULL),
	(8,57,546,1,'??','????','????','??',NULL,NULL,NULL,NULL,NULL),
	(9,585,546,16,'???','?????','????','??',NULL,NULL,NULL,NULL,NULL),
	(10,34,12,NULL,'???','','','',NULL,NULL,NULL,NULL,NULL),
	(11,100,45,NULL,'??','','','',NULL,NULL,NULL,NULL,NULL),
	(12,54,66,NULL,'terry gt','','','',NULL,NULL,NULL,NULL,NULL),
	(13,56,23,NULL,'jonn','','','',NULL,NULL,NULL,NULL,NULL),
	(42,34,12,NULL,'wab',NULL,NULL,NULL,'m','1633','b',NULL,NULL),
	(43,34,NULL,NULL,'wab',NULL,NULL,NULL,'m','1633','b',NULL,NULL),
	(44,34,NULL,NULL,'wab',NULL,NULL,NULL,'m','1633','b',NULL,NULL),
	(56,NULL,NULL,NULL,NULL,NULL,NULL,NULL,NULL,NULL,NULL,NULL,NULL),
	(57,NULL,NULL,NULL,NULL,NULL,NULL,NULL,NULL,NULL,NULL,NULL,NULL),
	(58,NULL,NULL,NULL,NULL,NULL,NULL,NULL,NULL,NULL,NULL,NULL,NULL),
	(59,NULL,NULL,NULL,NULL,NULL,NULL,NULL,NULL,NULL,NULL,NULL,NULL),
	(60,12,12,12,'be',NULL,NULL,'be','b','2015','be',11,NULL),
	(61,NULL,NULL,12,'ddd','????ACCA???... ',NULL,'dddd','dd','2011','dddd',23,NULL),
	(62,NULL,NULL,12,'ddd','??CMA??????...','????????','dddd','dd','2011','dddd',23,NULL),
	(63,NULL,NULL,12,'ddd','??','','dddd','dd','2011','dddd',23,NULL),
	(64,NULL,22,12,'ddd','????ACCA???... ','????????','dddd','dd','2011','dddd',23,NULL),
	(65,NULL,23,23,'???','??CMA??????... ','????','??','?','2017','??',NULL,NULL),
	(66,NULL,20,22,'???','?????? ','?????????','??','?','2017','??',NULL,NULL),
	(67,NULL,20,22,'???','','','??','?','2017','??',99,NULL),
	(68,NULL,20,22,'???','','','??','?','2017','??',NULL,NULL),
	(69,57,820,NULL,'???','???? ','????','','?','2017','??',8,NULL),
	(70,NULL,NULL,NULL,'???','','','','','','',5,NULL),
	(71,NULL,NULL,NULL,'???','','','','','','',10,NULL),
	(72,NULL,NULL,NULL,NULL,NULL,NULL,NULL,NULL,NULL,NULL,NULL,NULL),
	(73,234,234,NULL,'234',NULL,NULL,NULL,'23',NULL,NULL,NULL,NULL),
	(74,NULL,12,12,'ddd','????ACCA???... ','','ddd','dd','2015','dd',10,NULL),
	(75,NULL,33,33,'keyy','??CMA??????... ','','dd','dd','1233','dd',11,NULL),
	(76,NULL,NULL,NULL,'','','','','','','',12,NULL),
	(77,NULL,NULL,NULL,'','','','','','','',13,NULL),
	(78,123,123,NULL,'hh',NULL,NULL,NULL,'v','2000','nn',NULL,NULL),
	(79,0,0,NULL,'ttt',NULL,NULL,NULL,'t','2300','tt',NULL,NULL),
	(80,0,0,NULL,'ttt',NULL,NULL,NULL,'t','2300','tt',NULL,NULL),
	(81,NULL,NULL,NULL,'',NULL,NULL,NULL,'','','',NULL,NULL),
	(82,NULL,NULL,NULL,'',NULL,NULL,NULL,'','','',NULL,NULL),
	(83,NULL,NULL,NULL,'',NULL,NULL,NULL,'','','',NULL,NULL),
	(84,NULL,NULL,NULL,'',NULL,NULL,NULL,'','','',NULL,NULL),
	(85,NULL,NULL,NULL,'',NULL,NULL,NULL,'','','',NULL,NULL),
	(86,NULL,NULL,NULL,NULL,NULL,NULL,NULL,NULL,NULL,NULL,26,NULL),
	(87,NULL,NULL,NULL,'',NULL,NULL,NULL,'','','',26,NULL),
	(88,NULL,NULL,NULL,'',NULL,NULL,NULL,'','','',26,NULL),
	(89,NULL,NULL,NULL,'ta',NULL,NULL,NULL,'','','',26,NULL),
	(90,NULL,NULL,NULL,'ta',NULL,NULL,NULL,'','','',26,NULL),
	(91,NULL,NULL,NULL,'rrr',NULL,NULL,NULL,'','','',26,NULL),
	(92,NULL,NULL,NULL,'rrr',NULL,NULL,NULL,'mm','2016','',26,NULL),
	(93,NULL,NULL,NULL,NULL,NULL,NULL,NULL,NULL,NULL,NULL,27,NULL),
	(94,10,10,NULL,'???',NULL,NULL,NULL,'?','2017','??',27,NULL),
	(95,10,10,NULL,'???',NULL,NULL,NULL,'?','2017','??',27,NULL),
	(96,10,10,NULL,'???',NULL,NULL,NULL,'?','2017','??',27,NULL),
	(97,NULL,NULL,NULL,NULL,NULL,NULL,NULL,NULL,NULL,NULL,28,NULL),
	(98,11,11,NULL,'maxtao',NULL,NULL,NULL,'m','2016','m',28,NULL),
	(105,11,22,NULL,'???',NULL,NULL,NULL,'?','2016','??',29,NULL),
	(107,123,345,NULL,'not that great','???? ','????',NULL,'f','2016','cccc',30,NULL),
	(109,11,11,NULL,'???','?????? ','???????',NULL,'?','2017','??',32,NULL),
	(110,NULL,NULL,NULL,NULL,NULL,NULL,NULL,NULL,NULL,NULL,33,NULL),
	(111,NULL,NULL,NULL,NULL,NULL,NULL,NULL,NULL,NULL,NULL,34,NULL),
	(112,NULL,NULL,NULL,NULL,NULL,NULL,NULL,NULL,NULL,NULL,35,NULL),
	(113,NULL,NULL,NULL,NULL,NULL,NULL,NULL,NULL,NULL,NULL,36,NULL),
	(114,NULL,NULL,NULL,NULL,NULL,NULL,NULL,NULL,NULL,NULL,37,NULL),
	(115,NULL,NULL,NULL,NULL,NULL,NULL,NULL,NULL,NULL,NULL,41,NULL),
	(116,NULL,NULL,NULL,NULL,NULL,NULL,NULL,NULL,NULL,NULL,43,NULL),
	(117,NULL,NULL,NULL,NULL,NULL,NULL,NULL,NULL,NULL,NULL,49,NULL),
	(118,NULL,NULL,NULL,NULL,NULL,NULL,NULL,NULL,NULL,NULL,50,NULL),
	(119,NULL,NULL,NULL,NULL,NULL,NULL,NULL,NULL,NULL,NULL,51,NULL),
	(120,NULL,NULL,NULL,NULL,NULL,NULL,NULL,NULL,NULL,NULL,52,NULL),
	(121,NULL,NULL,NULL,'xx','xx','xx',NULL,'','','',57,NULL),
	(122,NULL,NULL,NULL,NULL,NULL,NULL,NULL,NULL,NULL,NULL,58,NULL),
	(123,20,20,NULL,'???','???? ','??????',NULL,'?','2016','??',60,NULL),
	(124,120,220,NULL,'bay','????ACCA???... ','???????',NULL,'f','2016','b',65,NULL),
	(125,NULL,NULL,NULL,'','????ACCA???... ','????',NULL,'','','',66,NULL);

/*!40000 ALTER TABLE `student` ENABLE KEYS */;
UNLOCK TABLES;








/*!40111 SET SQL_NOTES=@OLD_SQL_NOTES */;
/*!40101 SET SQL_MODE=@OLD_SQL_MODE */;
/*!40014 SET FOREIGN_KEY_CHECKS=@OLD_FOREIGN_KEY_CHECKS */;
/*!40101 SET CHARACTER_SET_CLIENT=@OLD_CHARACTER_SET_CLIENT */;
/*!40101 SET CHARACTER_SET_RESULTS=@OLD_CHARACTER_SET_RESULTS */;
/*!40101 SET COLLATION_CONNECTION=@OLD_COLLATION_CONNECTION */;

